place,date,sunrise_utc,sunset_utc,daylight_hours
Reykjavik,2026-01-01,11:20,15:44,4.4
Reykjavik,2026-01-02,11:19,15:46,4.45
Reykjavik,2026-01-03,11:18,15:48,4.5
Reykjavik,2026-01-04,11:16,15:51,4.58
Reykjavik,2026-01-05,11:15,15:53,4.63
Reykjavik,2026-01-06,11:13,15:55,4.7
Reykjavik,2026-01-07,11:12,15:58,4.77
Reykjavik,2026-01-08,11:10,16:01,4.85
Reykjavik,2026-01-09,11:08,16:03,4.92
Reykjavik,2026-01-10,11:06,16:06,5.0
Reykjavik,2026-01-11,11:04,16:09,5.08
Reykjavik,2026-01-12,11:02,16:12,5.17
Reykjavik,2026-01-13,11:00,16:15,5.25
Reykjavik,2026-01-14,10:58,16:18,5.33
Reykjavik,2026-01-15,10:55,16:21,5.43
Reykjavik,2026-01-16,10:53,16:24,5.52
Reykjavik,2026-01-17,10:51,16:27,5.6
Reykjavik,2026-01-18,10:48,16:30,5.7
Reykjavik,2026-01-19,10:46,16:33,5.78
Reykjavik,2026-01-20,10:43,16:36,5.88
Reykjavik,2026-01-21,10:40,16:40,6.0
Reykjavik,2026-01-22,10:38,16:43,6.08
Reykjavik,2026-01-23,10:35,16:46,6.18
Reykjavik,2026-01-24,10:32,16:49,6.28
Reykjavik,2026-01-25,10:29,16:53,6.4
Reykjavik,2026-01-26,10:26,16:56,6.5
Reykjavik,2026-01-27,10:24,16:59,6.58
Reykjavik,2026-01-28,10:21,17:03,6.7
Reykjavik,2026-01-29,10:18,17:06,6.8
Reykjavik,2026-01-30,10:15,17:09,6.9
Reykjavik,2026-01-31,10:12,17:13,7.02
Reykjavik,2026-02-01,10:09,17:16,7.12
Reykjavik,2026-02-02,10:05,17:19,7.23
Reykjavik,2026-02-03,10:02,17:23,7.35
Reykjavik,2026-02-04,09:59,17:26,7.45
Reykjavik,2026-02-05,09:56,17:29,7.55
Reykjavik,2026-02-06,09:53,17:33,7.67
Reykjavik,2026-02-07,09:50,17:36,7.77
Reykjavik,2026-02-08,09:47,17:39,7.87
Reykjavik,2026-02-09,09:43,17:43,8.0
Reykjavik,2026-02-10,09:40,17:46,8.1
Reykjavik,2026-02-11,09:37,17:49,8.2
Reykjavik,2026-02-12,09:34,17:52,8.3
Reykjavik,2026-02-13,09:30,17:56,8.43
Reykjavik,2026-02-14,09:27,17:59,8.53
Reykjavik,2026-02-15,09:24,18:02,8.63
Reykjavik,2026-02-16,09:20,18:05,8.75
Reykjavik,2026-02-17,09:17,18:09,8.87
Reykjavik,2026-02-18,09:14,18:12,8.97
Reykjavik,2026-02-19,09:10,18:15,9.08
Reykjavik,2026-02-20,09:07,18:18,9.18
Reykjavik,2026-02-21,09:03,18:22,9.32
Reykjavik,2026-02-22,09:00,18:25,9.42
Reykjavik,2026-02-23,08:57,18:28,9.52
Reykjavik,2026-02-24,08:53,18:31,9.63
Reykjavik,2026-02-25,08:50,18:34,9.73
Reykjavik,2026-02-26,08:46,18:37,9.85
Reykjavik,2026-02-27,08:43,18:40,9.95
Reykjavik,2026-02-28,08:39,18:43,10.07
Reykjavik,2026-03-01,08:36,18:47,10.18
Reykjavik,2026-03-02,08:32,18:50,10.3
Reykjavik,2026-03-03,08:29,18:53,10.4
Reykjavik,2026-03-04,08:25,18:56,10.52
Reykjavik,2026-03-05,08:22,18:59,10.62
Reykjavik,2026-03-06,08:19,19:02,10.72
Reykjavik,2026-03-07,08:15,19:05,10.83
Reykjavik,2026-03-08,08:12,19:08,10.93
Reykjavik,2026-03-09,08:08,19:11,11.05
Reykjavik,2026-03-10,08:04,19:14,11.17
Reykjavik,2026-03-11,08:01,19:17,11.27
Reykjavik,2026-03-12,07:57,19:20,11.38
Reykjavik,2026-03-13,07:54,19:23,11.48
Reykjavik,2026-03-14,07:50,19:26,11.6
Reykjavik,2026-03-15,07:47,19:29,11.7
Reykjavik,2026-03-16,07:43,19:32,11.82
Reykjavik,2026-03-17,07:40,19:35,11.92
Reykjavik,2026-03-18,07:36,19:38,12.03
Reykjavik,2026-03-19,07:33,19:41,12.13
Reykjavik,2026-03-20,07:29,19:44,12.25
Reykjavik,2026-03-21,07:26,19:47,12.35
Reykjavik,2026-03-22,07:22,19:50,12.47
Reykjavik,2026-03-23,07:18,19:53,12.58
Reykjavik,2026-03-24,07:15,19:56,12.68
Reykjavik,2026-03-25,07:11,19:59,12.8
Reykjavik,2026-03-26,07:08,20:02,12.9
Reykjavik,2026-03-27,07:04,20:05,13.02
Reykjavik,2026-03-28,07:01,20:08,13.12
Reykjavik,2026-03-29,06:57,20:11,13.23
Reykjavik,2026-03-30,06:54,20:14,13.33
Reykjavik,2026-03-31,06:50,20:17,13.45
Reykjavik,2026-04-01,06:46,20:20,13.57
Reykjavik,2026-04-02,06:43,20:23,13.67
Reykjavik,2026-04-03,06:39,20:26,13.78
Reykjavik,2026-04-04,06:36,20:29,13.88
Reykjavik,2026-04-05,06:32,20:32,14.0
Reykjavik,2026-04-06,06:29,20:35,14.1
Reykjavik,2026-04-07,06:25,20:38,14.22
Reykjavik,2026-04-08,06:21,20:41,14.33
Reykjavik,2026-04-09,06:18,20:44,14.43
Reykjavik,2026-04-10,06:14,20:47,14.55
Reykjavik,2026-04-11,06:11,20:50,14.65
Reykjavik,2026-04-12,06:07,20:53,14.77
Reykjavik,2026-04-13,06:04,20:56,14.87
Reykjavik,2026-04-14,06:00,20:59,14.98
Reykjavik,2026-04-15,05:57,21:02,15.08
Reykjavik,2026-04-16,05:53,21:05,15.2
Reykjavik,2026-04-17,05:50,21:08,15.3
Reykjavik,2026-04-18,05:46,21:11,15.42
Reykjavik,2026-04-19,05:43,21:14,15.52
Reykjavik,2026-04-20,05:39,21:17,15.63
Reykjavik,2026-04-21,05:35,21:21,15.77
Reykjavik,2026-04-22,05:32,21:24,15.87
Reykjavik,2026-04-23,05:28,21:27,15.98
Reykjavik,2026-04-24,05:25,21:30,16.08
Reykjavik,2026-04-25,05:21,21:33,16.2
Reykjavik,2026-04-26,05:18,21:36,16.3
Reykjavik,2026-04-27,05:14,21:40,16.43
Reykjavik,2026-04-28,05:11,21:43,16.53
Reykjavik,2026-04-29,05:08,21:46,16.63
Reykjavik,2026-04-30,05:04,21:49,16.75
Reykjavik,2026-05-01,05:01,21:52,16.85
Reykjavik,2026-05-02,04:57,21:56,16.98
Reykjavik,2026-05-03,04:54,21:59,17.08
Reykjavik,2026-05-04,04:50,22:02,17.2
Reykjavik,2026-05-05,04:47,22:05,17.3
Reykjavik,2026-05-06,04:44,22:09,17.42
Reykjavik,2026-05-07,04:40,22:12,17.53
Reykjavik,2026-05-08,04:37,22:15,17.63
Reykjavik,2026-05-09,04:33,22:18,17.75
Reykjavik,2026-05-10,04:30,22:22,17.87
Reykjavik,2026-05-11,04:27,22:25,17.97
Reykjavik,2026-05-12,04:23,22:28,18.08
Reykjavik,2026-05-13,04:20,22:31,18.18
Reykjavik,2026-05-14,04:17,22:35,18.3
Reykjavik,2026-05-15,04:14,22:38,18.4
Reykjavik,2026-05-16,04:10,22:41,18.52
Reykjavik,2026-05-17,04:07,22:45,18.63
Reykjavik,2026-05-18,04:04,22:48,18.73
Reykjavik,2026-05-19,04:01,22:51,18.83
Reykjavik,2026-05-20,03:58,22:54,18.93
Reykjavik,2026-05-21,03:55,22:57,19.03
Reykjavik,2026-05-22,03:52,23:01,19.15
Reykjavik,2026-05-23,03:49,23:04,19.25
Reykjavik,2026-05-24,03:46,23:07,19.35
Reykjavik,2026-05-25,03:43,23:10,19.45
Reykjavik,2026-05-26,03:40,23:13,19.55
Reykjavik,2026-05-27,03:37,23:16,19.65
Reykjavik,2026-05-28,03:34,23:19,19.75
Reykjavik,2026-05-29,03:31,23:22,19.85
Reykjavik,2026-05-30,03:29,23:25,19.93
Reykjavik,2026-05-31,03:26,23:28,20.03
Reykjavik,2026-06-01,03:24,23:31,20.12
Reykjavik,2026-06-02,03:21,23:34,20.22
Reykjavik,2026-06-03,03:19,23:36,20.28
Reykjavik,2026-06-04,03:16,23:39,20.38
Reykjavik,2026-06-05,03:14,23:41,20.45
Reykjavik,2026-06-06,03:12,23:44,20.53
Reykjavik,2026-06-07,03:10,23:46,20.6
Reykjavik,2026-06-08,03:08,23:48,20.67
Reykjavik,2026-06-09,03:06,23:51,20.75
Reykjavik,2026-06-10,03:04,23:53,20.82
Reykjavik,2026-06-11,03:03,23:54,20.85
Reykjavik,2026-06-12,03:01,23:56,20.92
Reykjavik,2026-06-13,03:00,23:58,20.97
Reykjavik,2026-06-14,02:59,23:59,21.0
Reykjavik,2026-06-15,02:58,00:00,21.03
Reykjavik,2026-06-16,02:57,00:02,21.08
Reykjavik,2026-06-17,02:57,00:02,21.08
Reykjavik,2026-06-18,02:56,00:03,21.12
Reykjavik,2026-06-19,02:56,00:04,21.13
Reykjavik,2026-06-20,02:56,00:04,21.13
Reykjavik,2026-06-21,02:56,00:04,21.13
Reykjavik,2026-06-22,02:56,00:04,21.13
Reykjavik,2026-06-23,02:57,00:04,21.12
Reykjavik,2026-06-24,02:57,00:04,21.12
Reykjavik,2026-06-25,02:58,00:03,21.08
Reykjavik,2026-06-26,02:59,00:03,21.07
Reykjavik,2026-06-27,03:00,00:02,21.03
Reykjavik,2026-06-28,03:01,00:01,21.0
Reykjavik,2026-06-29,03:03,23:59,20.93
Reykjavik,2026-06-30,03:05,23:58,20.88
Reykjavik,2026-07-01,03:06,23:57,20.85
Reykjavik,2026-07-02,03:08,23:55,20.78
Reykjavik,2026-07-03,03:10,23:53,20.72
Reykjavik,2026-07-04,03:12,23:51,20.65
Reykjavik,2026-07-05,03:15,23:49,20.57
Reykjavik,2026-07-06,03:17,23:47,20.5
Reykjavik,2026-07-07,03:19,23:45,20.43
Reykjavik,2026-07-08,03:22,23:43,20.35
Reykjavik,2026-07-09,03:25,23:40,20.25
Reykjavik,2026-07-10,03:27,23:38,20.18
Reykjavik,2026-07-11,03:30,23:35,20.08
Reykjavik,2026-07-12,03:33,23:33,20.0
Reykjavik,2026-07-13,03:36,23:30,19.9
Reykjavik,2026-07-14,03:39,23:27,19.8
Reykjavik,2026-07-15,03:42,23:25,19.72
Reykjavik,2026-07-16,03:45,23:22,19.62
Reykjavik,2026-07-17,03:48,23:19,19.52
Reykjavik,2026-07-18,03:51,23:16,19.42
Reykjavik,2026-07-19,03:54,23:13,19.32
Reykjavik,2026-07-20,03:57,23:10,19.22
Reykjavik,2026-07-21,04:00,23:07,19.12
Reykjavik,2026-07-22,04:03,23:04,19.02
Reykjavik,2026-07-23,04:06,23:01,18.92
Reykjavik,2026-07-24,04:09,22:58,18.82
Reykjavik,2026-07-25,04:13,22:55,18.7
Reykjavik,2026-07-26,04:16,22:51,18.58
Reykjavik,2026-07-27,04:19,22:48,18.48
Reykjavik,2026-07-28,04:22,22:45,18.38
Reykjavik,2026-07-29,04:25,22:42,18.28
Reykjavik,2026-07-30,04:29,22:38,18.15
Reykjavik,2026-07-31,04:32,22:35,18.05
Reykjavik,2026-08-01,04:35,22:32,17.95
Reykjavik,2026-08-02,04:38,22:28,17.83
Reykjavik,2026-08-03,04:41,22:25,17.73
Reykjavik,2026-08-04,04:45,22:22,17.62
Reykjavik,2026-08-05,04:48,22:18,17.5
Reykjavik,2026-08-06,04:51,22:15,17.4
Reykjavik,2026-08-07,04:54,22:12,17.3
Reykjavik,2026-08-08,04:57,22:08,17.18
Reykjavik,2026-08-09,05:01,22:05,17.07
Reykjavik,2026-08-10,05:04,22:01,16.95
Reykjavik,2026-08-11,05:07,21:58,16.85
Reykjavik,2026-08-12,05:10,21:54,16.73
Reykjavik,2026-08-13,05:13,21:51,16.63
Reykjavik,2026-08-14,05:16,21:47,16.52
Reykjavik,2026-08-15,05:19,21:44,16.42
Reykjavik,2026-08-16,05:22,21:40,16.3
Reykjavik,2026-08-17,05:26,21:37,16.18
Reykjavik,2026-08-18,05:29,21:33,16.07
Reykjavik,2026-08-19,05:32,21:30,15.97
Reykjavik,2026-08-20,05:35,21:26,15.85
Reykjavik,2026-08-21,05:38,21:23,15.75
Reykjavik,2026-08-22,05:41,21:19,15.63
Reykjavik,2026-08-23,05:44,21:16,15.53
Reykjavik,2026-08-24,05:47,21:12,15.42
Reykjavik,2026-08-25,05:50,21:09,15.32
Reykjavik,2026-08-26,05:53,21:05,15.2
Reykjavik,2026-08-27,05:56,21:02,15.1
Reykjavik,2026-08-28,05:59,20:58,14.98
Reykjavik,2026-08-29,06:02,20:55,14.88
Reykjavik,2026-08-30,06:05,20:51,14.77
Reykjavik,2026-08-31,06:08,20:48,14.67
Reykjavik,2026-09-01,06:11,20:44,14.55
Reykjavik,2026-09-02,06:14,20:40,14.43
Reykjavik,2026-09-03,06:16,20:37,14.35
Reykjavik,2026-09-04,06:19,20:33,14.23
Reykjavik,2026-09-05,06:22,20:30,14.13
Reykjavik,2026-09-06,06:25,20:26,14.02
Reykjavik,2026-09-07,06:28,20:23,13.92
Reykjavik,2026-09-08,06:31,20:19,13.8
Reykjavik,2026-09-09,06:34,20:15,13.68
Reykjavik,2026-09-10,06:37,20:12,13.58
Reykjavik,2026-09-11,06:40,20:08,13.47
Reykjavik,2026-09-12,06:43,20:05,13.37
Reykjavik,2026-09-13,06:45,20:01,13.27
Reykjavik,2026-09-14,06:48,19:58,13.17
Reykjavik,2026-09-15,06:51,19:54,13.05
Reykjavik,2026-09-16,06:54,19:50,12.93
Reykjavik,2026-09-17,06:57,19:47,12.83
Reykjavik,2026-09-18,07:00,19:43,12.72
Reykjavik,2026-09-19,07:03,19:40,12.62
Reykjavik,2026-09-20,07:05,19:36,12.52
Reykjavik,2026-09-21,07:08,19:33,12.42
Reykjavik,2026-09-22,07:11,19:29,12.3
Reykjavik,2026-09-23,07:14,19:26,12.2
Reykjavik,2026-09-24,07:17,19:22,12.08
Reykjavik,2026-09-25,07:20,19:18,11.97
Reykjavik,2026-09-26,07:23,19:15,11.87
Reykjavik,2026-09-27,07:26,19:11,11.75
Reykjavik,2026-09-28,07:28,19:08,11.67
Reykjavik,2026-09-29,07:31,19:04,11.55
Reykjavik,2026-09-30,07:34,19:01,11.45
Reykjavik,2026-10-01,07:37,18:57,11.33
Reykjavik,2026-10-02,07:40,18:54,11.23
Reykjavik,2026-10-03,07:43,18:50,11.12
Reykjavik,2026-10-04,07:46,18:47,11.02
Reykjavik,2026-10-05,07:49,18:43,10.9
Reykjavik,2026-10-06,07:52,18:40,10.8
Reykjavik,2026-10-07,07:55,18:36,10.68
Reykjavik,2026-10-08,07:58,18:33,10.58
Reykjavik,2026-10-09,08:01,18:29,10.47
Reykjavik,2026-10-10,08:03,18:26,10.38
Reykjavik,2026-10-11,08:06,18:22,10.27
Reykjavik,2026-10-12,08:09,18:19,10.17
Reykjavik,2026-10-13,08:12,18:15,10.05
Reykjavik,2026-10-14,08:15,18:12,9.95
Reykjavik,2026-10-15,08:18,18:08,9.83
Reykjavik,2026-10-16,08:22,18:05,9.72
Reykjavik,2026-10-17,08:25,18:01,9.6
Reykjavik,2026-10-18,08:28,17:58,9.5
Reykjavik,2026-10-19,08:31,17:55,9.4
Reykjavik,2026-10-20,08:34,17:51,9.28
Reykjavik,2026-10-21,08:37,17:48,9.18
Reykjavik,2026-10-22,08:40,17:44,9.07
Reykjavik,2026-10-23,08:43,17:41,8.97
Reykjavik,2026-10-24,08:46,17:38,8.87
Reykjavik,2026-10-25,08:49,17:34,8.75
Reykjavik,2026-10-26,08:52,17:31,8.65
Reykjavik,2026-10-27,08:56,17:28,8.53
Reykjavik,2026-10-28,08:59,17:24,8.42
Reykjavik,2026-10-29,09:02,17:21,8.32
Reykjavik,2026-10-30,09:05,17:18,8.22
Reykjavik,2026-10-31,09:08,17:14,8.1
Reykjavik,2026-11-01,09:11,17:11,8.0
Reykjavik,2026-11-02,09:15,17:08,7.88
Reykjavik,2026-11-03,09:18,17:05,7.78
Reykjavik,2026-11-04,09:21,17:01,7.67
Reykjavik,2026-11-05,09:24,16:58,7.57
Reykjavik,2026-11-06,09:28,16:55,7.45
Reykjavik,2026-11-07,09:31,16:52,7.35
Reykjavik,2026-11-08,09:34,16:49,7.25
Reykjavik,2026-11-09,09:37,16:46,7.15
Reykjavik,2026-11-10,09:41,16:43,7.03
Reykjavik,2026-11-11,09:44,16:40,6.93
Reykjavik,2026-11-12,09:47,16:37,6.83
Reykjavik,2026-11-13,09:51,16:34,6.72
Reykjavik,2026-11-14,09:54,16:31,6.62
Reykjavik,2026-11-15,09:57,16:28,6.52
Reykjavik,2026-11-16,10:00,16:25,6.42
Reykjavik,2026-11-17,10:04,16:22,6.3
Reykjavik,2026-11-18,10:07,16:19,6.2
Reykjavik,2026-11-19,10:10,16:17,6.12
Reykjavik,2026-11-20,10:13,16:14,6.02
Reykjavik,2026-11-21,10:16,16:11,5.92
Reykjavik,2026-11-22,10:19,16:09,5.83
Reykjavik,2026-11-23,10:23,16:06,5.72
Reykjavik,2026-11-24,10:26,16:04,5.63
Reykjavik,2026-11-25,10:29,16:01,5.53
Reykjavik,2026-11-26,10:32,15:59,5.45
Reykjavik,2026-11-27,10:35,15:56,5.35
Reykjavik,2026-11-28,10:38,15:54,5.27
Reykjavik,2026-11-29,10:41,15:52,5.18
Reykjavik,2026-11-30,10:44,15:50,5.1
Reykjavik,2026-12-01,10:46,15:48,5.03
Reykjavik,2026-12-02,10:49,15:46,4.95
Reykjavik,2026-12-03,10:52,15:44,4.87
Reykjavik,2026-12-04,10:54,15:42,4.8
Reykjavik,2026-12-05,10:57,15:40,4.72
Reykjavik,2026-12-06,10:59,15:39,4.67
Reykjavik,2026-12-07,11:02,15:37,4.58
Reykjavik,2026-12-08,11:04,15:36,4.53
Reykjavik,2026-12-09,11:06,15:35,4.48
Reykjavik,2026-12-10,11:08,15:34,4.43
Reykjavik,2026-12-11,11:10,15:33,4.38
Reykjavik,2026-12-12,11:12,15:32,4.33
Reykjavik,2026-12-13,11:14,15:31,4.28
Reykjavik,2026-12-14,11:15,15:30,4.25
Reykjavik,2026-12-15,11:17,15:30,4.22
Reykjavik,2026-12-16,11:18,15:29,4.18
Reykjavik,2026-12-17,11:19,15:29,4.17
Reykjavik,2026-12-18,11:20,15:29,4.15
Reykjavik,2026-12-19,11:21,15:29,4.13
Reykjavik,2026-12-20,11:22,15:30,4.13
Reykjavik,2026-12-21,11:23,15:30,4.12
Reykjavik,2026-12-22,11:23,15:30,4.12
Reykjavik,2026-12-23,11:24,15:31,4.12
Reykjavik,2026-12-24,11:24,15:32,4.13
Reykjavik,2026-12-25,11:24,15:33,4.15
Reykjavik,2026-12-26,11:24,15:34,4.17
Reykjavik,2026-12-27,11:23,15:35,4.2
Reykjavik,2026-12-28,11:23,15:37,4.23
Reykjavik,2026-12-29,11:23,15:38,4.25
Reykjavik,2026-12-30,11:22,15:40,4.3
Reykjavik,2026-12-31,11:21,15:42,4.35
Dublin,2026-01-01,08:41,16:18,7.62
Dublin,2026-01-02,08:41,16:19,7.63
Dublin,2026-01-03,08:40,16:20,7.67
Dublin,2026-01-04,08:40,16:21,7.68
Dublin,2026-01-05,08:40,16:22,7.7
Dublin,2026-01-06,08:39,16:24,7.75
Dublin,2026-01-07,08:39,16:25,7.77
Dublin,2026-01-08,08:38,16:27,7.82
Dublin,2026-01-09,08:38,16:28,7.83
Dublin,2026-01-10,08:37,16:30,7.88
Dublin,2026-01-11,08:36,16:31,7.92
Dublin,2026-01-12,08:35,16:33,7.97
Dublin,2026-01-13,08:35,16:34,7.98
Dublin,2026-01-14,08:34,16:36,8.03
Dublin,2026-01-15,08:33,16:37,8.07
Dublin,2026-01-16,08:32,16:39,8.12
Dublin,2026-01-17,08:31,16:41,8.17
Dublin,2026-01-18,08:30,16:43,8.22
Dublin,2026-01-19,08:29,16:44,8.25
Dublin,2026-01-20,08:27,16:46,8.32
Dublin,2026-01-21,08:26,16:48,8.37
Dublin,2026-01-22,08:25,16:50,8.42
Dublin,2026-01-23,08:24,16:52,8.47
Dublin,2026-01-24,08:22,16:53,8.52
Dublin,2026-01-25,08:21,16:55,8.57
Dublin,2026-01-26,08:20,16:57,8.62
Dublin,2026-01-27,08:18,16:59,8.68
Dublin,2026-01-28,08:17,17:01,8.73
Dublin,2026-01-29,08:15,17:03,8.8
Dublin,2026-01-30,08:13,17:05,8.87
Dublin,2026-01-31,08:12,17:07,8.92
Dublin,2026-02-01,08:10,17:09,8.98
Dublin,2026-02-02,08:08,17:11,9.05
Dublin,2026-02-03,08:07,17:13,9.1
Dublin,2026-02-04,08:05,17:15,9.17
Dublin,2026-02-05,08:03,17:17,9.23
Dublin,2026-02-06,08:01,17:19,9.3
Dublin,2026-02-07,08:00,17:20,9.33
Dublin,2026-02-08,07:58,17:22,9.4
Dublin,2026-02-09,07:56,17:24,9.47
Dublin,2026-02-10,07:54,17:26,9.53
Dublin,2026-02-11,07:52,17:28,9.6
Dublin,2026-02-12,07:50,17:30,9.67
Dublin,2026-02-13,07:48,17:32,9.73
Dublin,2026-02-14,07:46,17:34,9.8
Dublin,2026-02-15,07:44,17:36,9.87
Dublin,2026-02-16,07:42,17:38,9.93
Dublin,2026-02-17,07:40,17:40,10.0
Dublin,2026-02-18,07:38,17:42,10.07
Dublin,2026-02-19,07:35,17:44,10.15
Dublin,2026-02-20,07:33,17:46,10.22
Dublin,2026-02-21,07:31,17:48,10.28
Dublin,2026-02-22,07:29,17:50,10.35
Dublin,2026-02-23,07:27,17:52,10.42
Dublin,2026-02-24,07:24,17:54,10.5
Dublin,2026-02-25,07:22,17:56,10.57
Dublin,2026-02-26,07:20,17:58,10.63
Dublin,2026-02-27,07:18,18:00,10.7
Dublin,2026-02-28,07:15,18:01,10.77
Dublin,2026-03-01,07:13,18:03,10.83
Dublin,2026-03-02,07:11,18:05,10.9
Dublin,2026-03-03,07:09,18:07,10.97
Dublin,2026-03-04,07:06,18:09,11.05
Dublin,2026-03-05,07:04,18:11,11.12
Dublin,2026-03-06,07:02,18:13,11.18
Dublin,2026-03-07,06:59,18:15,11.27
Dublin,2026-03-08,06:57,18:17,11.33
Dublin,2026-03-09,06:55,18:18,11.38
Dublin,2026-03-10,06:52,18:20,11.47
Dublin,2026-03-11,06:50,18:22,11.53
Dublin,2026-03-12,06:47,18:24,11.62
Dublin,2026-03-13,06:45,18:26,11.68
Dublin,2026-03-14,06:43,18:28,11.75
Dublin,2026-03-15,06:40,18:30,11.83
Dublin,2026-03-16,06:38,18:31,11.88
Dublin,2026-03-17,06:35,18:33,11.97
Dublin,2026-03-18,06:33,18:35,12.03
Dublin,2026-03-19,06:31,18:37,12.1
Dublin,2026-03-20,06:28,18:39,12.18
Dublin,2026-03-21,06:26,18:41,12.25
Dublin,2026-03-22,06:23,18:42,12.32
Dublin,2026-03-23,06:21,18:44,12.38
Dublin,2026-03-24,06:19,18:46,12.45
Dublin,2026-03-25,06:16,18:48,12.53
Dublin,2026-03-26,06:14,18:50,12.6
Dublin,2026-03-27,06:11,18:52,12.68
Dublin,2026-03-28,06:09,18:53,12.73
Dublin,2026-03-29,06:06,18:55,12.82
Dublin,2026-03-30,06:04,18:57,12.88
Dublin,2026-03-31,06:02,18:59,12.95
Dublin,2026-04-01,05:59,19:01,13.03
Dublin,2026-04-02,05:57,19:02,13.08
Dublin,2026-04-03,05:54,19:04,13.17
Dublin,2026-04-04,05:52,19:06,13.23
Dublin,2026-04-05,05:50,19:08,13.3
Dublin,2026-04-06,05:47,19:10,13.38
Dublin,2026-04-07,05:45,19:12,13.45
Dublin,2026-04-08,05:43,19:13,13.5
Dublin,2026-04-09,05:40,19:15,13.58
Dublin,2026-04-10,05:38,19:17,13.65
Dublin,2026-04-11,05:36,19:19,13.72
Dublin,2026-04-12,05:33,19:21,13.8
Dublin,2026-04-13,05:31,19:22,13.85
Dublin,2026-04-14,05:29,19:24,13.92
Dublin,2026-04-15,05:26,19:26,14.0
Dublin,2026-04-16,05:24,19:28,14.07
Dublin,2026-04-17,05:22,19:30,14.13
Dublin,2026-04-18,05:19,19:31,14.2
Dublin,2026-04-19,05:17,19:33,14.27
Dublin,2026-04-20,05:15,19:35,14.33
Dublin,2026-04-21,05:13,19:37,14.4
Dublin,2026-04-22,05:11,19:39,14.47
Dublin,2026-04-23,05:08,19:41,14.55
Dublin,2026-04-24,05:06,19:42,14.6
Dublin,2026-04-25,05:04,19:44,14.67
Dublin,2026-04-26,05:02,19:46,14.73
Dublin,2026-04-27,05:00,19:48,14.8
Dublin,2026-04-28,04:58,19:50,14.87
Dublin,2026-04-29,04:56,19:51,14.92
Dublin,2026-04-30,04:54,19:53,14.98
Dublin,2026-05-01,04:52,19:55,15.05
Dublin,2026-05-02,04:50,19:57,15.12
Dublin,2026-05-03,04:48,19:58,15.17
Dublin,2026-05-04,04:46,20:00,15.23
Dublin,2026-05-05,04:44,20:02,15.3
Dublin,2026-05-06,04:42,20:04,15.37
Dublin,2026-05-07,04:40,20:05,15.42
Dublin,2026-05-08,04:38,20:07,15.48
Dublin,2026-05-09,04:36,20:09,15.55
Dublin,2026-05-10,04:34,20:11,15.62
Dublin,2026-05-11,04:33,20:12,15.65
Dublin,2026-05-12,04:31,20:14,15.72
Dublin,2026-05-13,04:29,20:16,15.78
Dublin,2026-05-14,04:28,20:17,15.82
Dublin,2026-05-15,04:26,20:19,15.88
Dublin,2026-05-16,04:24,20:21,15.95
Dublin,2026-05-17,04:23,20:22,15.98
Dublin,2026-05-18,04:21,20:24,16.05
Dublin,2026-05-19,04:20,20:25,16.08
Dublin,2026-05-20,04:18,20:27,16.15
Dublin,2026-05-21,04:17,20:28,16.18
Dublin,2026-05-22,04:15,20:30,16.25
Dublin,2026-05-23,04:14,20:31,16.28
Dublin,2026-05-24,04:13,20:33,16.33
Dublin,2026-05-25,04:12,20:34,16.37
Dublin,2026-05-26,04:10,20:36,16.43
Dublin,2026-05-27,04:09,20:37,16.47
Dublin,2026-05-28,04:08,20:38,16.5
Dublin,2026-05-29,04:07,20:40,16.55
Dublin,2026-05-30,04:06,20:41,16.58
Dublin,2026-05-31,04:05,20:42,16.62
Dublin,2026-06-01,04:04,20:43,16.65
Dublin,2026-06-02,04:03,20:44,16.68
Dublin,2026-06-03,04:03,20:46,16.72
Dublin,2026-06-04,04:02,20:47,16.75
Dublin,2026-06-05,04:01,20:48,16.78
Dublin,2026-06-06,04:00,20:49,16.82
Dublin,2026-06-07,04:00,20:50,16.83
Dublin,2026-06-08,03:59,20:50,16.85
Dublin,2026-06-09,03:59,20:51,16.87
Dublin,2026-06-10,03:58,20:52,16.9
Dublin,2026-06-11,03:58,20:53,16.92
Dublin,2026-06-12,03:58,20:54,16.93
Dublin,2026-06-13,03:57,20:54,16.95
Dublin,2026-06-14,03:57,20:55,16.97
Dublin,2026-06-15,03:57,20:55,16.97
Dublin,2026-06-16,03:57,20:56,16.98
Dublin,2026-06-17,03:57,20:56,16.98
Dublin,2026-06-18,03:57,20:57,17.0
Dublin,2026-06-19,03:57,20:57,17.0
Dublin,2026-06-20,03:57,20:57,17.0
Dublin,2026-06-21,03:57,20:58,17.02
Dublin,2026-06-22,03:57,20:58,17.02
Dublin,2026-06-23,03:58,20:58,17.0
Dublin,2026-06-24,03:58,20:58,17.0
Dublin,2026-06-25,03:58,20:58,17.0
Dublin,2026-06-26,03:59,20:58,16.98
Dublin,2026-06-27,03:59,20:58,16.98
Dublin,2026-06-28,04:00,20:57,16.95
Dublin,2026-06-29,04:01,20:57,16.93
Dublin,2026-06-30,04:01,20:57,16.93
Dublin,2026-07-01,04:02,20:57,16.92
Dublin,2026-07-02,04:03,20:56,16.88
Dublin,2026-07-03,04:04,20:56,16.87
Dublin,2026-07-04,04:04,20:55,16.85
Dublin,2026-07-05,04:05,20:55,16.83
Dublin,2026-07-06,04:06,20:54,16.8
Dublin,2026-07-07,04:07,20:53,16.77
Dublin,2026-07-08,04:08,20:52,16.73
Dublin,2026-07-09,04:09,20:52,16.72
Dublin,2026-07-10,04:10,20:51,16.68
Dublin,2026-07-11,04:11,20:50,16.65
Dublin,2026-07-12,04:13,20:49,16.6
Dublin,2026-07-13,04:14,20:48,16.57
Dublin,2026-07-14,04:15,20:47,16.53
Dublin,2026-07-15,04:16,20:46,16.5
Dublin,2026-07-16,04:18,20:45,16.45
Dublin,2026-07-17,04:19,20:44,16.42
Dublin,2026-07-18,04:20,20:42,16.37
Dublin,2026-07-19,04:22,20:41,16.32
Dublin,2026-07-20,04:23,20:40,16.28
Dublin,2026-07-21,04:25,20:38,16.22
Dublin,2026-07-22,04:26,20:37,16.18
Dublin,2026-07-23,04:28,20:36,16.13
Dublin,2026-07-24,04:29,20:34,16.08
Dublin,2026-07-25,04:31,20:33,16.03
Dublin,2026-07-26,04:32,20:31,15.98
Dublin,2026-07-27,04:34,20:29,15.92
Dublin,2026-07-28,04:35,20:28,15.88
Dublin,2026-07-29,04:37,20:26,15.82
Dublin,2026-07-30,04:38,20:24,15.77
Dublin,2026-07-31,04:40,20:23,15.72
Dublin,2026-08-01,04:42,20:21,15.65
Dublin,2026-08-02,04:43,20:19,15.6
Dublin,2026-08-03,04:45,20:17,15.53
Dublin,2026-08-04,04:47,20:15,15.47
Dublin,2026-08-05,04:48,20:14,15.43
Dublin,2026-08-06,04:50,20:12,15.37
Dublin,2026-08-07,04:52,20:10,15.3
Dublin,2026-08-08,04:53,20:08,15.25
Dublin,2026-08-09,04:55,20:06,15.18
Dublin,2026-08-10,04:57,20:04,15.12
Dublin,2026-08-11,04:59,20:02,15.05
Dublin,2026-08-12,05:00,20:00,15.0
Dublin,2026-08-13,05:02,19:58,14.93
Dublin,2026-08-14,05:04,19:56,14.87
Dublin,2026-08-15,05:05,19:53,14.8
Dublin,2026-08-16,05:07,19:51,14.73
Dublin,2026-08-17,05:09,19:49,14.67
Dublin,2026-08-18,05:11,19:47,14.6
Dublin,2026-08-19,05:12,19:45,14.55
Dublin,2026-08-20,05:14,19:43,14.48
Dublin,2026-08-21,05:16,19:40,14.4
Dublin,2026-08-22,05:18,19:38,14.33
Dublin,2026-08-23,05:19,19:36,14.28
Dublin,2026-08-24,05:21,19:34,14.22
Dublin,2026-08-25,05:23,19:31,14.13
Dublin,2026-08-26,05:24,19:29,14.08
Dublin,2026-08-27,05:26,19:27,14.02
Dublin,2026-08-28,05:28,19:24,13.93
Dublin,2026-08-29,05:30,19:22,13.87
Dublin,2026-08-30,05:31,19:20,13.82
Dublin,2026-08-31,05:33,19:17,13.73
Dublin,2026-09-01,05:35,19:15,13.67
Dublin,2026-09-02,05:37,19:13,13.6
Dublin,2026-09-03,05:38,19:10,13.53
Dublin,2026-09-04,05:40,19:08,13.47
Dublin,2026-09-05,05:42,19:06,13.4
Dublin,2026-09-06,05:44,19:03,13.32
Dublin,2026-09-07,05:45,19:01,13.27
Dublin,2026-09-08,05:47,18:58,13.18
Dublin,2026-09-09,05:49,18:56,13.12
Dublin,2026-09-10,05:50,18:53,13.05
Dublin,2026-09-11,05:52,18:51,12.98
Dublin,2026-09-12,05:54,18:49,12.92
Dublin,2026-09-13,05:56,18:46,12.83
Dublin,2026-09-14,05:57,18:44,12.78
Dublin,2026-09-15,05:59,18:41,12.7
Dublin,2026-09-16,06:01,18:39,12.63
Dublin,2026-09-17,06:03,18:36,12.55
Dublin,2026-09-18,06:04,18:34,12.5
Dublin,2026-09-19,06:06,18:32,12.43
Dublin,2026-09-20,06:08,18:29,12.35
Dublin,2026-09-21,06:09,18:27,12.3
Dublin,2026-09-22,06:11,18:24,12.22
Dublin,2026-09-23,06:13,18:22,12.15
Dublin,2026-09-24,06:15,18:19,12.07
Dublin,2026-09-25,06:16,18:17,12.02
Dublin,2026-09-26,06:18,18:14,11.93
Dublin,2026-09-27,06:20,18:12,11.87
Dublin,2026-09-28,06:22,18:10,11.8
Dublin,2026-09-29,06:23,18:07,11.73
Dublin,2026-09-30,06:25,18:05,11.67
Dublin,2026-10-01,06:27,18:02,11.58
Dublin,2026-10-02,06:29,18:00,11.52
Dublin,2026-10-03,06:31,17:58,11.45
Dublin,2026-10-04,06:32,17:55,11.38
Dublin,2026-10-05,06:34,17:53,11.32
Dublin,2026-10-06,06:36,17:50,11.23
Dublin,2026-10-07,06:38,17:48,11.17
Dublin,2026-10-08,06:39,17:46,11.12
Dublin,2026-10-09,06:41,17:43,11.03
Dublin,2026-10-10,06:43,17:41,10.97
Dublin,2026-10-11,06:45,17:39,10.9
Dublin,2026-10-12,06:47,17:36,10.82
Dublin,2026-10-13,06:49,17:34,10.75
Dublin,2026-10-14,06:50,17:32,10.7
Dublin,2026-10-15,06:52,17:29,10.62
Dublin,2026-10-16,06:54,17:27,10.55
Dublin,2026-10-17,06:56,17:25,10.48
Dublin,2026-10-18,06:58,17:23,10.42
Dublin,2026-10-19,07:00,17:21,10.35
Dublin,2026-10-20,07:02,17:18,10.27
Dublin,2026-10-21,07:03,17:16,10.22
Dublin,2026-10-22,07:05,17:14,10.15
Dublin,2026-10-23,07:07,17:12,10.08
Dublin,2026-10-24,07:09,17:10,10.02
Dublin,2026-10-25,07:11,17:08,9.95
Dublin,2026-10-26,07:13,17:05,9.87
Dublin,2026-10-27,07:15,17:03,9.8
Dublin,2026-10-28,07:17,17:01,9.73
Dublin,2026-10-29,07:18,16:59,9.68
Dublin,2026-10-30,07:20,16:57,9.62
Dublin,2026-10-31,07:22,16:55,9.55
Dublin,2026-11-01,07:24,16:53,9.48
Dublin,2026-11-02,07:26,16:51,9.42
Dublin,2026-11-03,07:28,16:50,9.37
Dublin,2026-11-04,07:30,16:48,9.3
Dublin,2026-11-05,07:32,16:46,9.23
Dublin,2026-11-06,07:34,16:44,9.17
Dublin,2026-11-07,07:36,16:42,9.1
Dublin,2026-11-08,07:37,16:40,9.05
Dublin,2026-11-09,07:39,16:39,9.0
Dublin,2026-11-10,07:41,16:37,8.93
Dublin,2026-11-11,07:43,16:35,8.87
Dublin,2026-11-12,07:45,16:34,8.82
Dublin,2026-11-13,07:47,16:32,8.75
Dublin,2026-11-14,07:49,16:31,8.7
Dublin,2026-11-15,07:51,16:29,8.63
Dublin,2026-11-16,07:52,16:28,8.6
Dublin,2026-11-17,07:54,16:26,8.53
Dublin,2026-11-18,07:56,16:25,8.48
Dublin,2026-11-19,07:58,16:24,8.43
Dublin,2026-11-20,08:00,16:22,8.37
Dublin,2026-11-21,08:01,16:21,8.33
Dublin,2026-11-22,08:03,16:20,8.28
Dublin,2026-11-23,08:05,16:19,8.23
Dublin,2026-11-24,08:06,16:17,8.18
Dublin,2026-11-25,08:08,16:16,8.13
Dublin,2026-11-26,08:10,16:15,8.08
Dublin,2026-11-27,08:11,16:14,8.05
Dublin,2026-11-28,08:13,16:14,8.02
Dublin,2026-11-29,08:15,16:13,7.97
Dublin,2026-11-30,08:16,16:12,7.93
Dublin,2026-12-01,08:18,16:11,7.88
Dublin,2026-12-02,08:19,16:10,7.85
Dublin,2026-12-03,08:21,16:10,7.82
Dublin,2026-12-04,08:22,16:09,7.78
Dublin,2026-12-05,08:23,16:09,7.77
Dublin,2026-12-06,08:25,16:08,7.72
Dublin,2026-12-07,08:26,16:08,7.7
Dublin,2026-12-08,08:27,16:07,7.67
Dublin,2026-12-09,08:28,16:07,7.65
Dublin,2026-12-10,08:29,16:07,7.63
Dublin,2026-12-11,08:31,16:07,7.6
Dublin,2026-12-12,08:32,16:07,7.58
Dublin,2026-12-13,08:33,16:07,7.57
Dublin,2026-12-14,08:34,16:07,7.55
Dublin,2026-12-15,08:34,16:07,7.55
Dublin,2026-12-16,08:35,16:07,7.53
Dublin,2026-12-17,08:36,16:07,7.52
Dublin,2026-12-18,08:37,16:07,7.5
Dublin,2026-12-19,08:37,16:08,7.52
Dublin,2026-12-20,08:38,16:08,7.5
Dublin,2026-12-21,08:39,16:09,7.5
Dublin,2026-12-22,08:39,16:09,7.5
Dublin,2026-12-23,08:40,16:10,7.5
Dublin,2026-12-24,08:40,16:10,7.5
Dublin,2026-12-25,08:40,16:11,7.52
Dublin,2026-12-26,08:41,16:12,7.52
Dublin,2026-12-27,08:41,16:13,7.53
Dublin,2026-12-28,08:41,16:13,7.53
Dublin,2026-12-29,08:41,16:14,7.55
Dublin,2026-12-30,08:41,16:15,7.57
Dublin,2026-12-31,08:41,16:16,7.58
Accra,2026-01-01,06:11,17:59,11.8
Accra,2026-01-02,06:11,18:00,11.82
Accra,2026-01-03,06:11,18:00,11.82
Accra,2026-01-04,06:12,18:01,11.82
Accra,2026-01-05,06:12,18:01,11.82
Accra,2026-01-06,06:13,18:02,11.82
Accra,2026-01-07,06:13,18:02,11.82
Accra,2026-01-08,06:13,18:02,11.82
Accra,2026-01-09,06:14,18:03,11.82
Accra,2026-01-10,06:14,18:03,11.82
Accra,2026-01-11,06:14,18:04,11.83
Accra,2026-01-12,06:15,18:04,11.82
Accra,2026-01-13,06:15,18:05,11.83
Accra,2026-01-14,06:15,18:05,11.83
Accra,2026-01-15,06:16,18:06,11.83
Accra,2026-01-16,06:16,18:06,11.83
Accra,2026-01-17,06:16,18:07,11.85
Accra,2026-01-18,06:16,18:07,11.85
Accra,2026-01-19,06:17,18:07,11.83
Accra,2026-01-20,06:17,18:08,11.85
Accra,2026-01-21,06:17,18:08,11.85
Accra,2026-01-22,06:17,18:08,11.85
Accra,2026-01-23,06:17,18:09,11.87
Accra,2026-01-24,06:18,18:09,11.85
Accra,2026-01-25,06:18,18:09,11.85
Accra,2026-01-26,06:18,18:10,11.87
Accra,2026-01-27,06:18,18:10,11.87
Accra,2026-01-28,06:18,18:10,11.87
Accra,2026-01-29,06:18,18:11,11.88
Accra,2026-01-30,06:18,18:11,11.88
Accra,2026-01-31,06:18,18:11,11.88
Accra,2026-02-01,06:18,18:11,11.88
Accra,2026-02-02,06:18,18:12,11.9
Accra,2026-02-03,06:18,18:12,11.9
Accra,2026-02-04,06:18,18:12,11.9
Accra,2026-02-05,06:18,18:12,11.9
Accra,2026-02-06,06:18,18:13,11.92
Accra,2026-02-07,06:18,18:13,11.92
Accra,2026-02-08,06:18,18:13,11.92
Accra,2026-02-09,06:18,18:13,11.92
Accra,2026-02-10,06:18,18:13,11.92
Accra,2026-02-11,06:18,18:13,11.92
Accra,2026-02-12,06:17,18:13,11.93
Accra,2026-02-13,06:17,18:14,11.95
Accra,2026-02-14,06:17,18:14,11.95
Accra,2026-02-15,06:17,18:14,11.95
Accra,2026-02-16,06:17,18:14,11.95
Accra,2026-02-17,06:17,18:14,11.95
Accra,2026-02-18,06:16,18:14,11.97
Accra,2026-02-19,06:16,18:14,11.97
Accra,2026-02-20,06:16,18:14,11.97
Accra,2026-02-21,06:16,18:14,11.97
Accra,2026-02-22,06:15,18:14,11.98
Accra,2026-02-23,06:15,18:14,11.98
Accra,2026-02-24,06:15,18:14,11.98
Accra,2026-02-25,06:14,18:14,12.0
Accra,2026-02-26,06:14,18:14,12.0
Accra,2026-02-27,06:14,18:14,12.0
Accra,2026-02-28,06:14,18:14,12.0
Accra,2026-03-01,06:13,18:14,12.02
Accra,2026-03-02,06:13,18:14,12.02
Accra,2026-03-03,06:12,18:14,12.03
Accra,2026-03-04,06:12,18:14,12.03
Accra,2026-03-05,06:12,18:14,12.03
Accra,2026-03-06,06:11,18:14,12.05
Accra,2026-03-07,06:11,18:14,12.05
Accra,2026-03-08,06:11,18:13,12.03
Accra,2026-03-09,06:10,18:13,12.05
Accra,2026-03-10,06:10,18:13,12.05
Accra,2026-03-11,06:09,18:13,12.07
Accra,2026-03-12,06:09,18:13,12.07
Accra,2026-03-13,06:09,18:13,12.07
Accra,2026-03-14,06:08,18:13,12.08
Accra,2026-03-15,06:08,18:13,12.08
Accra,2026-03-16,06:07,18:13,12.1
Accra,2026-03-17,06:07,18:12,12.08
Accra,2026-03-18,06:06,18:12,12.1
Accra,2026-03-19,06:06,18:12,12.1
Accra,2026-03-20,06:05,18:12,12.12
Accra,2026-03-21,06:05,18:12,12.12
Accra,2026-03-22,06:05,18:12,12.12
Accra,2026-03-23,06:04,18:12,12.13
Accra,2026-03-24,06:04,18:11,12.12
Accra,2026-03-25,06:03,18:11,12.13
Accra,2026-03-26,06:03,18:11,12.13
Accra,2026-03-27,06:02,18:11,12.15
Accra,2026-03-28,06:02,18:11,12.15
Accra,2026-03-29,06:01,18:11,12.17
Accra,2026-03-30,06:01,18:11,12.17
Accra,2026-03-31,06:00,18:10,12.17
Accra,2026-04-01,06:00,18:10,12.17
Accra,2026-04-02,06:00,18:10,12.17
Accra,2026-04-03,05:59,18:10,12.18
Accra,2026-04-04,05:59,18:10,12.18
Accra,2026-04-05,05:58,18:10,12.2
Accra,2026-04-06,05:58,18:10,12.2
Accra,2026-04-07,05:57,18:09,12.2
Accra,2026-04-08,05:57,18:09,12.2
Accra,2026-04-09,05:56,18:09,12.22
Accra,2026-04-10,05:56,18:09,12.22
Accra,2026-04-11,05:56,18:09,12.22
Accra,2026-04-12,05:55,18:09,12.23
Accra,2026-04-13,05:55,18:09,12.23
Accra,2026-04-14,05:54,18:09,12.25
Accra,2026-04-15,05:54,18:09,12.25
Accra,2026-04-16,05:54,18:08,12.23
Accra,2026-04-17,05:53,18:08,12.25
Accra,2026-04-18,05:53,18:08,12.25
Accra,2026-04-19,05:53,18:08,12.25
Accra,2026-04-20,05:52,18:08,12.27
Accra,2026-04-21,05:52,18:08,12.27
Accra,2026-04-22,05:52,18:08,12.27
Accra,2026-04-23,05:51,18:08,12.28
Accra,2026-04-24,05:51,18:08,12.28
Accra,2026-04-25,05:51,18:08,12.28
Accra,2026-04-26,05:50,18:08,12.3
Accra,2026-04-27,05:50,18:08,12.3
Accra,2026-04-28,05:50,18:08,12.3
Accra,2026-04-29,05:49,18:08,12.32
Accra,2026-04-30,05:49,18:08,12.32
Accra,2026-05-01,05:49,18:08,12.32
Accra,2026-05-02,05:49,18:08,12.32
Accra,2026-05-03,05:48,18:08,12.33
Accra,2026-05-04,05:48,18:08,12.33
Accra,2026-05-05,05:48,18:08,12.33
Accra,2026-05-06,05:48,18:08,12.33
Accra,2026-05-07,05:48,18:08,12.33
Accra,2026-05-08,05:47,18:08,12.35
Accra,2026-05-09,05:47,18:08,12.35
Accra,2026-05-10,05:47,18:08,12.35
Accra,2026-05-11,05:47,18:08,12.35
Accra,2026-05-12,05:47,18:09,12.37
Accra,2026-05-13,05:47,18:09,12.37
Accra,2026-05-14,05:46,18:09,12.38
Accra,2026-05-15,05:46,18:09,12.38
Accra,2026-05-16,05:46,18:09,12.38
Accra,2026-05-17,05:46,18:09,12.38
Accra,2026-05-18,05:46,18:09,12.38
Accra,2026-05-19,05:46,18:09,12.38
Accra,2026-05-20,05:46,18:10,12.4
Accra,2026-05-21,05:46,18:10,12.4
Accra,2026-05-22,05:46,18:10,12.4
Accra,2026-05-23,05:46,18:10,12.4
Accra,2026-05-24,05:46,18:10,12.4
Accra,2026-05-25,05:46,18:10,12.4
Accra,2026-05-26,05:46,18:11,12.42
Accra,2026-05-27,05:46,18:11,12.42
Accra,2026-05-28,05:46,18:11,12.42
Accra,2026-05-29,05:46,18:11,12.42
Accra,2026-05-30,05:46,18:11,12.42
Accra,2026-05-31,05:46,18:12,12.43
Accra,2026-06-01,05:46,18:12,12.43
Accra,2026-06-02,05:46,18:12,12.43
Accra,2026-06-03,05:47,18:12,12.42
Accra,2026-06-04,05:47,18:13,12.43
Accra,2026-06-05,05:47,18:13,12.43
Accra,2026-06-06,05:47,18:13,12.43
Accra,2026-06-07,05:47,18:13,12.43
Accra,2026-06-08,05:47,18:13,12.43
Accra,2026-06-09,05:47,18:14,12.45
Accra,2026-06-10,05:47,18:14,12.45
Accra,2026-06-11,05:48,18:14,12.43
Accra,2026-06-12,05:48,18:14,12.43
Accra,2026-06-13,05:48,18:15,12.45
Accra,2026-06-14,05:48,18:15,12.45
Accra,2026-06-15,05:48,18:15,12.45
Accra,2026-06-16,05:49,18:15,12.43
Accra,2026-06-17,05:49,18:16,12.45
Accra,2026-06-18,05:49,18:16,12.45
Accra,2026-06-19,05:49,18:16,12.45
Accra,2026-06-20,05:49,18:16,12.45
Accra,2026-06-21,05:50,18:16,12.43
Accra,2026-06-22,05:50,18:17,12.45
Accra,2026-06-23,05:50,18:17,12.45
Accra,2026-06-24,05:50,18:17,12.45
Accra,2026-06-25,05:51,18:17,12.43
Accra,2026-06-26,05:51,18:18,12.45
Accra,2026-06-27,05:51,18:18,12.45
Accra,2026-06-28,05:51,18:18,12.45
Accra,2026-06-29,05:51,18:18,12.45
Accra,2026-06-30,05:52,18:18,12.43
Accra,2026-07-01,05:52,18:18,12.43
Accra,2026-07-02,05:52,18:19,12.45
Accra,2026-07-03,05:52,18:19,12.45
Accra,2026-07-04,05:53,18:19,12.43
Accra,2026-07-05,05:53,18:19,12.43
Accra,2026-07-06,05:53,18:19,12.43
Accra,2026-07-07,05:53,18:19,12.43
Accra,2026-07-08,05:53,18:19,12.43
Accra,2026-07-09,05:54,18:19,12.42
Accra,2026-07-10,05:54,18:19,12.42
Accra,2026-07-11,05:54,18:20,12.43
Accra,2026-07-12,05:54,18:20,12.43
Accra,2026-07-13,05:54,18:20,12.43
Accra,2026-07-14,05:55,18:20,12.42
Accra,2026-07-15,05:55,18:20,12.42
Accra,2026-07-16,05:55,18:20,12.42
Accra,2026-07-17,05:55,18:20,12.42
Accra,2026-07-18,05:55,18:20,12.42
Accra,2026-07-19,05:55,18:20,12.42
Accra,2026-07-20,05:56,18:20,12.4
Accra,2026-07-21,05:56,18:20,12.4
Accra,2026-07-22,05:56,18:20,12.4
Accra,2026-07-23,05:56,18:19,12.38
Accra,2026-07-24,05:56,18:19,12.38
Accra,2026-07-25,05:56,18:19,12.38
Accra,2026-07-26,05:56,18:19,12.38
Accra,2026-07-27,05:56,18:19,12.38
Accra,2026-07-28,05:57,18:19,12.37
Accra,2026-07-29,05:57,18:19,12.37
Accra,2026-07-30,05:57,18:19,12.37
Accra,2026-07-31,05:57,18:19,12.37
Accra,2026-08-01,05:57,18:18,12.35
Accra,2026-08-02,05:57,18:18,12.35
Accra,2026-08-03,05:57,18:18,12.35
Accra,2026-08-04,05:57,18:18,12.35
Accra,2026-08-05,05:57,18:18,12.35
Accra,2026-08-06,05:57,18:17,12.33
Accra,2026-08-07,05:57,18:17,12.33
Accra,2026-08-08,05:57,18:17,12.33
Accra,2026-08-09,05:57,18:17,12.33
Accra,2026-08-10,05:57,18:16,12.32
Accra,2026-08-11,05:57,18:16,12.32
Accra,2026-08-12,05:57,18:16,12.32
Accra,2026-08-13,05:57,18:15,12.3
Accra,2026-08-14,05:57,18:15,12.3
Accra,2026-08-15,05:57,18:15,12.3
Accra,2026-08-16,05:57,18:14,12.28
Accra,2026-08-17,05:57,18:14,12.28
Accra,2026-08-18,05:57,18:14,12.28
Accra,2026-08-19,05:56,18:13,12.28
Accra,2026-08-20,05:56,18:13,12.28
Accra,2026-08-21,05:56,18:12,12.27
Accra,2026-08-22,05:56,18:12,12.27
Accra,2026-08-23,05:56,18:12,12.27
Accra,2026-08-24,05:56,18:11,12.25
Accra,2026-08-25,05:56,18:11,12.25
Accra,2026-08-26,05:56,18:10,12.23
Accra,2026-08-27,05:55,18:10,12.25
Accra,2026-08-28,05:55,18:10,12.25
Accra,2026-08-29,05:55,18:09,12.23
Accra,2026-08-30,05:55,18:09,12.23
Accra,2026-08-31,05:55,18:08,12.22
Accra,2026-09-01,05:55,18:08,12.22
Accra,2026-09-02,05:55,18:07,12.2
Accra,2026-09-03,05:54,18:07,12.22
Accra,2026-09-04,05:54,18:06,12.2
Accra,2026-09-05,05:54,18:06,12.2
Accra,2026-09-06,05:54,18:05,12.18
Accra,2026-09-07,05:54,18:05,12.18
Accra,2026-09-08,05:53,18:04,12.18
Accra,2026-09-09,05:53,18:04,12.18
Accra,2026-09-10,05:53,18:03,12.17
Accra,2026-09-11,05:53,18:03,12.17
Accra,2026-09-12,05:53,18:02,12.15
Accra,2026-09-13,05:52,18:02,12.17
Accra,2026-09-14,05:52,18:01,12.15
Accra,2026-09-15,05:52,18:01,12.15
Accra,2026-09-16,05:52,18:00,12.13
Accra,2026-09-17,05:52,18:00,12.13
Accra,2026-09-18,05:51,17:59,12.13
Accra,2026-09-19,05:51,17:59,12.13
Accra,2026-09-20,05:51,17:58,12.12
Accra,2026-09-21,05:51,17:58,12.12
Accra,2026-09-22,05:51,17:57,12.1
Accra,2026-09-23,05:50,17:57,12.12
Accra,2026-09-24,05:50,17:56,12.1
Accra,2026-09-25,05:50,17:56,12.1
Accra,2026-09-26,05:50,17:55,12.08
Accra,2026-09-27,05:50,17:55,12.08
Accra,2026-09-28,05:49,17:54,12.08
Accra,2026-09-29,05:49,17:54,12.08
Accra,2026-09-30,05:49,17:53,12.07
Accra,2026-10-01,05:49,17:53,12.07
Accra,2026-10-02,05:49,17:52,12.05
Accra,2026-10-03,05:49,17:52,12.05
Accra,2026-10-04,05:48,17:51,12.05
Accra,2026-10-05,05:48,17:51,12.05
Accra,2026-10-06,05:48,17:51,12.05
Accra,2026-10-07,05:48,17:50,12.03
Accra,2026-10-08,05:48,17:50,12.03
Accra,2026-10-09,05:48,17:49,12.02
Accra,2026-10-10,05:48,17:49,12.02
Accra,2026-10-11,05:47,17:48,12.02
Accra,2026-10-12,05:47,17:48,12.02
Accra,2026-10-13,05:47,17:48,12.02
Accra,2026-10-14,05:47,17:47,12.0
Accra,2026-10-15,05:47,17:47,12.0
Accra,2026-10-16,05:47,17:47,12.0
Accra,2026-10-17,05:47,17:46,11.98
Accra,2026-10-18,05:47,17:46,11.98
Accra,2026-10-19,05:47,17:46,11.98
Accra,2026-10-20,05:47,17:45,11.97
Accra,2026-10-21,05:47,17:45,11.97
Accra,2026-10-22,05:47,17:45,11.97
Accra,2026-10-23,05:47,17:44,11.95
Accra,2026-10-24,05:47,17:44,11.95
Accra,2026-10-25,05:47,17:44,11.95
Accra,2026-10-26,05:47,17:44,11.95
Accra,2026-10-27,05:47,17:43,11.93
Accra,2026-10-28,05:47,17:43,11.93
Accra,2026-10-29,05:47,17:43,11.93
Accra,2026-10-30,05:47,17:43,11.93
Accra,2026-10-31,05:47,17:43,11.93
Accra,2026-11-01,05:47,17:42,11.92
Accra,2026-11-02,05:47,17:42,11.92
Accra,2026-11-03,05:47,17:42,11.92
Accra,2026-11-04,05:48,17:42,11.9
Accra,2026-11-05,05:48,17:42,11.9
Accra,2026-11-06,05:48,17:42,11.9
Accra,2026-11-07,05:48,17:42,11.9
Accra,2026-11-08,05:48,17:42,11.9
Accra,2026-11-09,05:48,17:42,11.9
Accra,2026-11-10,05:49,17:42,11.88
Accra,2026-11-11,05:49,17:42,11.88
Accra,2026-11-12,05:49,17:42,11.88
Accra,2026-11-13,05:49,17:42,11.88
Accra,2026-11-14,05:50,17:42,11.87
Accra,2026-11-15,05:50,17:42,11.87
Accra,2026-11-16,05:50,17:42,11.87
Accra,2026-11-17,05:50,17:42,11.87
Accra,2026-11-18,05:51,17:42,11.85
Accra,2026-11-19,05:51,17:42,11.85
Accra,2026-11-20,05:51,17:42,11.85
Accra,2026-11-21,05:52,17:43,11.85
Accra,2026-11-22,05:52,17:43,11.85
Accra,2026-11-23,05:52,17:43,11.85
Accra,2026-11-24,05:53,17:43,11.83
Accra,2026-11-25,05:53,17:43,11.83
Accra,2026-11-26,05:53,17:44,11.85
Accra,2026-11-27,05:54,17:44,11.83
Accra,2026-11-28,05:54,17:44,11.83
Accra,2026-11-29,05:55,17:44,11.82
Accra,2026-11-30,05:55,17:45,11.83
Accra,2026-12-01,05:56,17:45,11.82
Accra,2026-12-02,05:56,17:45,11.82
Accra,2026-12-03,05:56,17:46,11.83
Accra,2026-12-04,05:57,17:46,11.82
Accra,2026-12-05,05:57,17:46,11.82
Accra,2026-12-06,05:58,17:47,11.82
Accra,2026-12-07,05:58,17:47,11.82
Accra,2026-12-08,05:59,17:47,11.8
Accra,2026-12-09,05:59,17:48,11.82
Accra,2026-12-10,06:00,17:48,11.8
Accra,2026-12-11,06:00,17:49,11.82
Accra,2026-12-12,06:01,17:49,11.8
Accra,2026-12-13,06:01,17:50,11.82
Accra,2026-12-14,06:02,17:50,11.8
Accra,2026-12-15,06:02,17:50,11.8
Accra,2026-12-16,06:03,17:51,11.8
Accra,2026-12-17,06:03,17:51,11.8
Accra,2026-12-18,06:04,17:52,11.8
Accra,2026-12-19,06:04,17:52,11.8
Accra,2026-12-20,06:05,17:53,11.8
Accra,2026-12-21,06:05,17:53,11.8
Accra,2026-12-22,06:06,17:54,11.8
Accra,2026-12-23,06:06,17:54,11.8
Accra,2026-12-24,06:07,17:55,11.8
Accra,2026-12-25,06:07,17:55,11.8
Accra,2026-12-26,06:08,17:56,11.8
Accra,2026-12-27,06:08,17:56,11.8
Accra,2026-12-28,06:09,17:57,11.8
Accra,2026-12-29,06:09,17:57,11.8
Accra,2026-12-30,06:10,17:58,11.8
Accra,2026-12-31,06:10,17:58,11.8
Cape Town,2026-01-01,03:39,18:01,14.37
Cape Town,2026-01-02,03:40,18:01,14.35
Cape Town,2026-01-03,03:41,18:02,14.35
Cape Town,2026-01-04,03:42,18:02,14.33
Cape Town,2026-01-05,03:42,18:02,14.33
Cape Town,2026-01-06,03:43,18:02,14.32
Cape Town,2026-01-07,03:44,18:02,14.3
Cape Town,2026-01-08,03:45,18:02,14.28
Cape Town,2026-01-09,03:46,18:02,14.27
Cape Town,2026-01-10,03:47,18:02,14.25
Cape Town,2026-01-11,03:48,18:01,14.22
Cape Town,2026-01-12,03:49,18:01,14.2
Cape Town,2026-01-13,03:49,18:01,14.2
Cape Town,2026-01-14,03:50,18:01,14.18
Cape Town,2026-01-15,03:51,18:01,14.17
Cape Town,2026-01-16,03:52,18:00,14.13
Cape Town,2026-01-17,03:53,18:00,14.12
Cape Town,2026-01-18,03:54,18:00,14.1
Cape Town,2026-01-19,03:55,17:59,14.07
Cape Town,2026-01-20,03:56,17:59,14.05
Cape Town,2026-01-21,03:57,17:59,14.03
Cape Town,2026-01-22,03:58,17:58,14.0
Cape Town,2026-01-23,03:59,17:58,13.98
Cape Town,2026-01-24,04:00,17:57,13.95
Cape Town,2026-01-25,04:01,17:57,13.93
Cape Town,2026-01-26,04:02,17:56,13.9
Cape Town,2026-01-27,04:03,17:55,13.87
Cape Town,2026-01-28,04:04,17:55,13.85
Cape Town,2026-01-29,04:05,17:54,13.82
Cape Town,2026-01-30,04:06,17:53,13.78
Cape Town,2026-01-31,04:07,17:53,13.77
Cape Town,2026-02-01,04:08,17:52,13.73
Cape Town,2026-02-02,04:09,17:51,13.7
Cape Town,2026-02-03,04:10,17:50,13.67
Cape Town,2026-02-04,04:11,17:50,13.65
Cape Town,2026-02-05,04:12,17:49,13.62
Cape Town,2026-02-06,04:13,17:48,13.58
Cape Town,2026-02-07,04:14,17:47,13.55
Cape Town,2026-02-08,04:15,17:46,13.52
Cape Town,2026-02-09,04:16,17:45,13.48
Cape Town,2026-02-10,04:17,17:44,13.45
Cape Town,2026-02-11,04:18,17:43,13.42
Cape Town,2026-02-12,04:19,17:42,13.38
Cape Town,2026-02-13,04:20,17:41,13.35
Cape Town,2026-02-14,04:21,17:40,13.32
Cape Town,2026-02-15,04:22,17:39,13.28
Cape Town,2026-02-16,04:23,17:38,13.25
Cape Town,2026-02-17,04:24,17:37,13.22
Cape Town,2026-02-18,04:25,17:36,13.18
Cape Town,2026-02-19,04:26,17:35,13.15
Cape Town,2026-02-20,04:27,17:34,13.12
Cape Town,2026-02-21,04:27,17:33,13.1
Cape Town,2026-02-22,04:28,17:32,13.07
Cape Town,2026-02-23,04:29,17:30,13.02
Cape Town,2026-02-24,04:30,17:29,12.98
Cape Town,2026-02-25,04:31,17:28,12.95
Cape Town,2026-02-26,04:32,17:27,12.92
Cape Town,2026-02-27,04:33,17:26,12.88
Cape Town,2026-02-28,04:34,17:24,12.83
Cape Town,2026-03-01,04:35,17:23,12.8
Cape Town,2026-03-02,04:35,17:22,12.78
Cape Town,2026-03-03,04:36,17:21,12.75
Cape Town,2026-03-04,04:37,17:19,12.7
Cape Town,2026-03-05,04:38,17:18,12.67
Cape Town,2026-03-06,04:39,17:17,12.63
Cape Town,2026-03-07,04:40,17:15,12.58
Cape Town,2026-03-08,04:40,17:14,12.57
Cape Town,2026-03-09,04:41,17:13,12.53
Cape Town,2026-03-10,04:42,17:12,12.5
Cape Town,2026-03-11,04:43,17:10,12.45
Cape Town,2026-03-12,04:44,17:09,12.42
Cape Town,2026-03-13,04:44,17:08,12.4
Cape Town,2026-03-14,04:45,17:06,12.35
Cape Town,2026-03-15,04:46,17:05,12.32
Cape Town,2026-03-16,04:47,17:04,12.28
Cape Town,2026-03-17,04:48,17:02,12.23
Cape Town,2026-03-18,04:48,17:01,12.22
Cape Town,2026-03-19,04:49,16:59,12.17
Cape Town,2026-03-20,04:50,16:58,12.13
Cape Town,2026-03-21,04:51,16:57,12.1
Cape Town,2026-03-22,04:51,16:55,12.07
Cape Town,2026-03-23,04:52,16:54,12.03
Cape Town,2026-03-24,04:53,16:53,12.0
Cape Town,2026-03-25,04:54,16:51,11.95
Cape Town,2026-03-26,04:54,16:50,11.93
Cape Town,2026-03-27,04:55,16:49,11.9
Cape Town,2026-03-28,04:56,16:47,11.85
Cape Town,2026-03-29,04:57,16:46,11.82
Cape Town,2026-03-30,04:57,16:45,11.8
Cape Town,2026-03-31,04:58,16:43,11.75
Cape Town,2026-04-01,04:59,16:42,11.72
Cape Town,2026-04-02,05:00,16:41,11.68
Cape Town,2026-04-03,05:00,16:39,11.65
Cape Town,2026-04-04,05:01,16:38,11.62
Cape Town,2026-04-05,05:02,16:37,11.58
Cape Town,2026-04-06,05:03,16:35,11.53
Cape Town,2026-04-07,05:03,16:34,11.52
Cape Town,2026-04-08,05:04,16:33,11.48
Cape Town,2026-04-09,05:05,16:31,11.43
Cape Town,2026-04-10,05:06,16:30,11.4
Cape Town,2026-04-11,05:06,16:29,11.38
Cape Town,2026-04-12,05:07,16:28,11.35
Cape Town,2026-04-13,05:08,16:26,11.3
Cape Town,2026-04-14,05:09,16:25,11.27
Cape Town,2026-04-15,05:09,16:24,11.25
Cape Town,2026-04-16,05:10,16:23,11.22
Cape Town,2026-04-17,05:11,16:21,11.17
Cape Town,2026-04-18,05:12,16:20,11.13
Cape Town,2026-04-19,05:12,16:19,11.12
Cape Town,2026-04-20,05:13,16:18,11.08
Cape Town,2026-04-21,05:14,16:17,11.05
Cape Town,2026-04-22,05:15,16:16,11.02
Cape Town,2026-04-23,05:15,16:14,10.98
Cape Town,2026-04-24,05:16,16:13,10.95
Cape Town,2026-04-25,05:17,16:12,10.92
Cape Town,2026-04-26,05:18,16:11,10.88
Cape Town,2026-04-27,05:18,16:10,10.87
Cape Town,2026-04-28,05:19,16:09,10.83
Cape Town,2026-04-29,05:20,16:08,10.8
Cape Town,2026-04-30,05:21,16:07,10.77
Cape Town,2026-05-01,05:21,16:06,10.75
Cape Town,2026-05-02,05:22,16:05,10.72
Cape Town,2026-05-03,05:23,16:04,10.68
Cape Town,2026-05-04,05:24,16:03,10.65
Cape Town,2026-05-05,05:25,16:02,10.62
Cape Town,2026-05-06,05:25,16:01,10.6
Cape Town,2026-05-07,05:26,16:00,10.57
Cape Town,2026-05-08,05:27,15:59,10.53
Cape Town,2026-05-09,05:28,15:59,10.52
Cape Town,2026-05-10,05:28,15:58,10.5
Cape Town,2026-05-11,05:29,15:57,10.47
Cape Town,2026-05-12,05:30,15:56,10.43
Cape Town,2026-05-13,05:31,15:55,10.4
Cape Town,2026-05-14,05:31,15:55,10.4
Cape Town,2026-05-15,05:32,15:54,10.37
Cape Town,2026-05-16,05:33,15:53,10.33
Cape Town,2026-05-17,05:33,15:53,10.33
Cape Town,2026-05-18,05:34,15:52,10.3
Cape Town,2026-05-19,05:35,15:51,10.27
Cape Town,2026-05-20,05:36,15:51,10.25
Cape Town,2026-05-21,05:36,15:50,10.23
Cape Town,2026-05-22,05:37,15:50,10.22
Cape Town,2026-05-23,05:38,15:49,10.18
Cape Town,2026-05-24,05:38,15:49,10.18
Cape Town,2026-05-25,05:39,15:48,10.15
Cape Town,2026-05-26,05:40,15:48,10.13
Cape Town,2026-05-27,05:40,15:47,10.12
Cape Town,2026-05-28,05:41,15:47,10.1
Cape Town,2026-05-29,05:42,15:47,10.08
Cape Town,2026-05-30,05:42,15:46,10.07
Cape Town,2026-05-31,05:43,15:46,10.05
Cape Town,2026-06-01,05:43,15:46,10.05
Cape Town,2026-06-02,05:44,15:45,10.02
Cape Town,2026-06-03,05:45,15:45,10.0
Cape Town,2026-06-04,05:45,15:45,10.0
Cape Town,2026-06-05,05:46,15:45,9.98
Cape Town,2026-06-06,05:46,15:45,9.98
Cape Town,2026-06-07,05:47,15:45,9.97
Cape Town,2026-06-08,05:47,15:44,9.95
Cape Town,2026-06-09,05:48,15:44,9.93
Cape Town,2026-06-10,05:48,15:44,9.93
Cape Town,2026-06-11,05:49,15:44,9.92
Cape Town,2026-06-12,05:49,15:44,9.92
Cape Town,2026-06-13,05:49,15:44,9.92
Cape Town,2026-06-14,05:50,15:44,9.9
Cape Town,2026-06-15,05:50,15:44,9.9
Cape Town,2026-06-16,05:50,15:45,9.92
Cape Town,2026-06-17,05:51,15:45,9.9
Cape Town,2026-06-18,05:51,15:45,9.9
Cape Town,2026-06-19,05:51,15:45,9.9
Cape Town,2026-06-20,05:52,15:45,9.88
Cape Town,2026-06-21,05:52,15:45,9.88
Cape Town,2026-06-22,05:52,15:46,9.9
Cape Town,2026-06-23,05:52,15:46,9.9
Cape Town,2026-06-24,05:52,15:46,9.9
Cape Town,2026-06-25,05:53,15:46,9.88
Cape Town,2026-06-26,05:53,15:47,9.9
Cape Town,2026-06-27,05:53,15:47,9.9
Cape Town,2026-06-28,05:53,15:47,9.9
Cape Town,2026-06-29,05:53,15:48,9.92
Cape Town,2026-06-30,05:53,15:48,9.92
Cape Town,2026-07-01,05:53,15:49,9.93
Cape Town,2026-07-02,05:53,15:49,9.93
Cape Town,2026-07-03,05:53,15:50,9.95
Cape Town,2026-07-04,05:53,15:50,9.95
Cape Town,2026-07-05,05:53,15:50,9.95
Cape Town,2026-07-06,05:52,15:51,9.98
Cape Town,2026-07-07,05:52,15:51,9.98
Cape Town,2026-07-08,05:52,15:52,10.0
Cape Town,2026-07-09,05:52,15:53,10.02
Cape Town,2026-07-10,05:52,15:53,10.02
Cape Town,2026-07-11,05:51,15:54,10.05
Cape Town,2026-07-12,05:51,15:54,10.05
Cape Town,2026-07-13,05:51,15:55,10.07
Cape Town,2026-07-14,05:50,15:55,10.08
Cape Town,2026-07-15,05:50,15:56,10.1
Cape Town,2026-07-16,05:49,15:57,10.13
Cape Town,2026-07-17,05:49,15:57,10.13
Cape Town,2026-07-18,05:49,15:58,10.15
Cape Town,2026-07-19,05:48,15:58,10.17
Cape Town,2026-07-20,05:48,15:59,10.18
Cape Town,2026-07-21,05:47,16:00,10.22
Cape Town,2026-07-22,05:46,16:00,10.23
Cape Town,2026-07-23,05:46,16:01,10.25
Cape Town,2026-07-24,05:45,16:02,10.28
Cape Town,2026-07-25,05:45,16:02,10.28
Cape Town,2026-07-26,05:44,16:03,10.32
Cape Town,2026-07-27,05:43,16:04,10.35
Cape Town,2026-07-28,05:42,16:04,10.37
Cape Town,2026-07-29,05:42,16:05,10.38
Cape Town,2026-07-30,05:41,16:06,10.42
Cape Town,2026-07-31,05:40,16:07,10.45
Cape Town,2026-08-01,05:39,16:07,10.47
Cape Town,2026-08-02,05:39,16:08,10.48
Cape Town,2026-08-03,05:38,16:09,10.52
Cape Town,2026-08-04,05:37,16:09,10.53
Cape Town,2026-08-05,05:36,16:10,10.57
Cape Town,2026-08-06,05:35,16:11,10.6
Cape Town,2026-08-07,05:34,16:11,10.62
Cape Town,2026-08-08,05:33,16:12,10.65
Cape Town,2026-08-09,05:32,16:13,10.68
Cape Town,2026-08-10,05:31,16:14,10.72
Cape Town,2026-08-11,05:30,16:14,10.73
Cape Town,2026-08-12,05:29,16:15,10.77
Cape Town,2026-08-13,05:28,16:16,10.8
Cape Town,2026-08-14,05:27,16:16,10.82
Cape Town,2026-08-15,05:26,16:17,10.85
Cape Town,2026-08-16,05:25,16:18,10.88
Cape Town,2026-08-17,05:24,16:19,10.92
Cape Town,2026-08-18,05:23,16:19,10.93
Cape Town,2026-08-19,05:21,16:20,10.98
Cape Town,2026-08-20,05:20,16:21,11.02
Cape Town,2026-08-21,05:19,16:21,11.03
Cape Town,2026-08-22,05:18,16:22,11.07
Cape Town,2026-08-23,05:17,16:23,11.1
Cape Town,2026-08-24,05:15,16:23,11.13
Cape Town,2026-08-25,05:14,16:24,11.17
Cape Town,2026-08-26,05:13,16:25,11.2
Cape Town,2026-08-27,05:12,16:25,11.22
Cape Town,2026-08-28,05:10,16:26,11.27
Cape Town,2026-08-29,05:09,16:27,11.3
Cape Town,2026-08-30,05:08,16:27,11.32
Cape Town,2026-08-31,05:07,16:28,11.35
Cape Town,2026-09-01,05:05,16:29,11.4
Cape Town,2026-09-02,05:04,16:30,11.43
Cape Town,2026-09-03,05:03,16:30,11.45
Cape Town,2026-09-04,05:01,16:31,11.5
Cape Town,2026-09-05,05:00,16:32,11.53
Cape Town,2026-09-06,04:59,16:32,11.55
Cape Town,2026-09-07,04:57,16:33,11.6
Cape Town,2026-09-08,04:56,16:34,11.63
Cape Town,2026-09-09,04:55,16:34,11.65
Cape Town,2026-09-10,04:53,16:35,11.7
Cape Town,2026-09-11,04:52,16:36,11.73
Cape Town,2026-09-12,04:50,16:36,11.77
Cape Town,2026-09-13,04:49,16:37,11.8
Cape Town,2026-09-14,04:48,16:38,11.83
Cape Town,2026-09-15,04:46,16:38,11.87
Cape Town,2026-09-16,04:45,16:39,11.9
Cape Town,2026-09-17,04:43,16:40,11.95
Cape Town,2026-09-18,04:42,16:40,11.97
Cape Town,2026-09-19,04:41,16:41,12.0
Cape Town,2026-09-20,04:39,16:42,12.05
Cape Town,2026-09-21,04:38,16:42,12.07
Cape Town,2026-09-22,04:36,16:43,12.12
Cape Town,2026-09-23,04:35,16:44,12.15
Cape Town,2026-09-24,04:34,16:45,12.18
Cape Town,2026-09-25,04:32,16:45,12.22
Cape Town,2026-09-26,04:31,16:46,12.25
Cape Town,2026-09-27,04:30,16:47,12.28
Cape Town,2026-09-28,04:28,16:47,12.32
Cape Town,2026-09-29,04:27,16:48,12.35
Cape Town,2026-09-30,04:25,16:49,12.4
Cape Town,2026-10-01,04:24,16:50,12.43
Cape Town,2026-10-02,04:23,16:50,12.45
Cape Town,2026-10-03,04:21,16:51,12.5
Cape Town,2026-10-04,04:20,16:52,12.53
Cape Town,2026-10-05,04:19,16:52,12.55
Cape Town,2026-10-06,04:17,16:53,12.6
Cape Town,2026-10-07,04:16,16:54,12.63
Cape Town,2026-10-08,04:15,16:55,12.67
Cape Town,2026-10-09,04:13,16:56,12.72
Cape Town,2026-10-10,04:12,16:56,12.73
Cape Town,2026-10-11,04:11,16:57,12.77
Cape Town,2026-10-12,04:09,16:58,12.82
Cape Town,2026-10-13,04:08,16:59,12.85
Cape Town,2026-10-14,04:07,16:59,12.87
Cape Town,2026-10-15,04:05,17:00,12.92
Cape Town,2026-10-16,04:04,17:01,12.95
Cape Town,2026-10-17,04:03,17:02,12.98
Cape Town,2026-10-18,04:02,17:03,13.02
Cape Town,2026-10-19,04:01,17:04,13.05
Cape Town,2026-10-20,03:59,17:04,13.08
Cape Town,2026-10-21,03:58,17:05,13.12
Cape Town,2026-10-22,03:57,17:06,13.15
Cape Town,2026-10-23,03:56,17:07,13.18
Cape Town,2026-10-24,03:55,17:08,13.22
Cape Town,2026-10-25,03:54,17:09,13.25
Cape Town,2026-10-26,03:53,17:10,13.28
Cape Town,2026-10-27,03:51,17:10,13.32
Cape Town,2026-10-28,03:50,17:11,13.35
Cape Town,2026-10-29,03:49,17:12,13.38
Cape Town,2026-10-30,03:48,17:13,13.42
Cape Town,2026-10-31,03:47,17:14,13.45
Cape Town,2026-11-01,03:46,17:15,13.48
Cape Town,2026-11-02,03:45,17:16,13.52
Cape Town,2026-11-03,03:44,17:17,13.55
Cape Town,2026-11-04,03:44,17:18,13.57
Cape Town,2026-11-05,03:43,17:19,13.6
Cape Town,2026-11-06,03:42,17:20,13.63
Cape Town,2026-11-07,03:41,17:21,13.67
Cape Town,2026-11-08,03:40,17:21,13.68
Cape Town,2026-11-09,03:39,17:22,13.72
Cape Town,2026-11-10,03:39,17:23,13.73
Cape Town,2026-11-11,03:38,17:24,13.77
Cape Town,2026-11-12,03:37,17:25,13.8
Cape Town,2026-11-13,03:36,17:26,13.83
Cape Town,2026-11-14,03:36,17:27,13.85
Cape Town,2026-11-15,03:35,17:28,13.88
Cape Town,2026-11-16,03:34,17:29,13.92
Cape Town,2026-11-17,03:34,17:30,13.93
Cape Town,2026-11-18,03:33,17:31,13.97
Cape Town,2026-11-19,03:33,17:32,13.98
Cape Town,2026-11-20,03:32,17:33,14.02
Cape Town,2026-11-21,03:32,17:34,14.03
Cape Town,2026-11-22,03:31,17:35,14.07
Cape Town,2026-11-23,03:31,17:36,14.08
Cape Town,2026-11-24,03:31,17:37,14.1
Cape Town,2026-11-25,03:30,17:38,14.13
Cape Town,2026-11-26,03:30,17:39,14.15
Cape Town,2026-11-27,03:30,17:40,14.17
Cape Town,2026-11-28,03:29,17:40,14.18
Cape Town,2026-11-29,03:29,17:41,14.2
Cape Town,2026-11-30,03:29,17:42,14.22
Cape Town,2026-12-01,03:29,17:43,14.23
Cape Town,2026-12-02,03:29,17:44,14.25
Cape Town,2026-12-03,03:29,17:45,14.27
Cape Town,2026-12-04,03:29,17:46,14.28
Cape Town,2026-12-05,03:28,17:47,14.32
Cape Town,2026-12-06,03:28,17:47,14.32
Cape Town,2026-12-07,03:29,17:48,14.32
Cape Town,2026-12-08,03:29,17:49,14.33
Cape Town,2026-12-09,03:29,17:50,14.35
Cape Town,2026-12-10,03:29,17:50,14.35
Cape Town,2026-12-11,03:29,17:51,14.37
Cape Town,2026-12-12,03:29,17:52,14.38
Cape Town,2026-12-13,03:29,17:53,14.4
Cape Town,2026-12-14,03:30,17:53,14.38
Cape Town,2026-12-15,03:30,17:54,14.4
Cape Town,2026-12-16,03:30,17:55,14.42
Cape Town,2026-12-17,03:31,17:55,14.4
Cape Town,2026-12-18,03:31,17:56,14.42
Cape Town,2026-12-19,03:31,17:56,14.42
Cape Town,2026-12-20,03:32,17:57,14.42
Cape Town,2026-12-21,03:32,17:57,14.42
Cape Town,2026-12-22,03:33,17:58,14.42
Cape Town,2026-12-23,03:33,17:58,14.42
Cape Town,2026-12-24,03:34,17:59,14.42
Cape Town,2026-12-25,03:34,17:59,14.42
Cape Town,2026-12-26,03:35,18:00,14.42
Cape Town,2026-12-27,03:36,18:00,14.4
Cape Town,2026-12-28,03:36,18:00,14.4
Cape Town,2026-12-29,03:37,18:01,14.4
Cape Town,2026-12-30,03:38,18:01,14.38
Cape Town,2026-12-31,03:38,18:01,14.38
