year,month,day,temp_c,max_c,min_c,sunlight_kwh_m2
2023,1,1,5.52,6.89,2.75,0.4591
2023,1,2,3.53,5.77,2.27,0.821
2023,1,3,9.86,12.01,6.11,0.2722
2023,1,4,9.85,11.77,8.16,0.5155
2023,1,5,9.09,11.15,6.84,0.2609
2023,1,6,7.9,10.4,5.48,0.5741
2023,1,7,7.98,9.55,6.55,0.8371
2023,1,8,6.22,6.98,5.37,0.5626
2023,1,9,5.77,6.96,4.88,0.739
2023,1,10,8.67,11.99,5.26,0.2962
2023,1,11,7.27,10.24,6.34,0.6787
2023,1,12,8.57,10.61,6.9,0.7058
2023,1,13,7.4,9.15,6.65,0.9067
2023,1,14,5.88,9.59,3.53,0.8028
2023,1,15,4.17,4.96,3.32,0.6065
2023,1,16,1.59,3.49,0.41,0.971
2023,1,17,1.2,2.67,-0.14,1.0558
2023,1,18,2.5,4.02,1.66,0.8561
2023,1,19,2.21,4.19,1.29,1.2588
2023,1,20,3.03,5.17,1.32,1.2091
2023,1,21,6.67,7.73,5.16,0.5662
2023,1,22,8.42,9.19,7.73,0.5318
2023,1,23,8.75,9.79,7.55,0.4987
2023,1,24,7.98,8.6,7.3,0.8016
2023,1,25,7.15,8.95,4.62,1.0603
2023,1,26,5.58,7.66,4.43,0.8393
2023,1,27,4.53,6.46,3.01,0.9386
2023,1,28,5.27,5.84,4.23,0.7411
2023,1,29,6.54,9.48,4.49,0.9202
2023,1,30,6.33,7.97,4.81,0.9542
2023,1,31,6.78,8.6,5.17,1.3423
2023,2,1,6.99,9.38,5.22,0.7505
2023,2,2,8.88,9.63,8.06,0.7841
2023,2,3,8.82,10.75,7.23,1.1278
2023,2,4,7.07,9.94,2.87,0.7236
2023,2,5,3.98,6.29,2.37,1.8607
2023,2,6,5.96,8.6,3.08,1.0934
2023,2,7,6.93,9.2,5.58,1.0716
2023,2,8,6.88,9.05,4.63,1.1148
2023,2,9,4.52,7.58,2.18,1.6738
2023,2,10,7.22,9.63,3.87,0.9319
2023,2,11,7.57,9.32,6.44,0.7963
2023,2,12,7.49,9.12,6.2,0.9355
2023,2,13,7.64,9.04,6.09,1.3123
2023,2,14,8.89,11.48,6.98,1.1894
2023,2,15,8.04,9.47,7.24,1.4878
2023,2,16,9.55,11.51,7.42,1.1102
2023,2,17,10.51,11.15,9.81,1.134
2023,2,18,9.61,10.64,7.6,1.3013
2023,2,19,8.36,10.31,6.24,1.3786
2023,2,20,9.99,11.74,8.62,1.4998
2023,2,21,8.68,10.24,7.53,1.4556
2023,2,22,5.76,7.7,4.27,1.9519
2023,2,23,5.64,7.93,3.33,1.8247
2023,2,24,7.33,9.93,5.66,1.4309
2023,2,25,5.45,6.81,4.11,1.7986
2023,2,26,5.22,7.61,3.38,1.8372
2023,2,27,5.06,7.44,3.25,1.361
2023,2,28,5.37,7.31,3.46,1.182
2023,3,1,6.14,7.28,5.22,1.7839
2023,3,2,6.05,7.65,4.58,1.6942
2023,3,3,5.65,7.47,4.5,1.2082
2023,3,4,4.83,6.56,3.43,1.1052
2023,3,5,5.05,8.18,2.68,2.0016
2023,3,6,4.86,6.46,2.69,1.4556
2023,3,7,2.5,4.82,0.63,3.1795
2023,3,8,3.1,4.87,1.82,2.3911
2023,3,9,2.79,4.06,1.62,1.002
2023,3,10,2.98,5.05,1.56,2.7982
2023,3,11,4.95,8.12,2.35,1.0858
2023,3,12,8.82,11.01,6.32,1.6942
2023,3,13,8.64,11.51,4.35,2.0366
2023,3,14,3.95,6.36,1.63,2.6018
2023,3,15,5.61,9.29,1.29,1.338
2023,3,16,10.28,12.56,8.62,2.237
2023,3,17,9.53,10.88,8.64,1.704
2023,3,18,8.25,10.09,4.33,2.2495
2023,3,19,5.95,8.91,3.26,2.0088
2023,3,20,10.39,12.65,9.08,2.0508
2023,3,21,9.64,10.63,8.29,1.883
2023,3,22,8.56,10.63,5.75,2.7598
2023,3,23,8.5,11.25,6.15,2.8128
2023,3,24,8.1,10.44,6.5,2.6232
2023,3,25,8.38,10.93,6.61,3.3382
2023,3,26,7.04,8.3,4.08,2.6088
2023,3,27,5.78,9.07,1.6,3.4834
2023,3,28,9.57,12.53,6.83,2.4487
2023,3,29,10.45,13.07,8.87,2.2987
2023,3,30,10.24,13.18,8.5,3.2693
2023,3,31,9.22,10.15,8.34,1.9454
2023,4,1,8.45,9.64,6.77,2.8858
2023,4,2,7.87,10.9,5.9,3.6271
2023,4,3,7.94,9.75,5.91,2.4432
2023,4,4,8.75,11.43,6.49,3.5273
2023,4,5,10.39,12.56,8.31,2.0345
2023,4,6,8.23,10.84,6.38,4.5936
2023,4,7,8.34,11.41,5.57,4.6807
2023,4,8,9.15,11.39,7.3,3.635
2023,4,9,9.67,12.16,7.69,1.8845
2023,4,10,8.22,9.58,5.63,3.5347
2023,4,11,6.96,9.78,4.34,1.8262
2023,4,12,5.59,7.57,3.67,2.815
2023,4,13,7.16,10.26,4.09,5.2224
2023,4,14,7.74,10.66,4.92,5.237
2023,4,15,7.88,10.7,4.75,3.8376
2023,4,16,11.6,15.31,8.43,3.4092
2023,4,17,11.19,14.75,8.01,3.7464
2023,4,18,9.95,10.97,8.44,5.4617
2023,4,19,9.35,11.53,7.0,3.8599
2023,4,20,8.83,11.06,6.65,6.7008
2023,4,21,9.47,12.16,7.04,4.9445
2023,4,22,8.48,10.15,7.24,1.8058
2023,4,23,8.71,11.31,6.17,3.947
2023,4,24,7.15,8.73,4.94,3.7092
2023,4,25,7.0,9.94,3.51,4.7458
2023,4,26,8.8,11.58,5.96,4.2461
2023,4,27,9.28,10.7,7.91,2.2104
2023,4,28,11.64,15.01,8.13,3.5225
2023,4,29,12.26,14.83,9.44,4.1412
2023,4,30,12.26,15.1,9.8,4.5473
2023,5,1,11.97,15.18,9.48,4.3418
2023,5,2,11.45,13.88,8.89,4.6298
2023,5,3,11.35,13.33,10.04,4.3716
2023,5,4,10.62,12.22,8.91,4.2077
2023,5,5,12.42,14.95,10.11,4.3507
2023,5,6,12.18,14.91,9.32,4.4455
2023,5,7,12.83,15.96,9.66,4.2708
2023,5,8,13.93,16.77,11.78,4.0375
2023,5,9,11.71,14.33,9.13,4.9188
2023,5,10,11.64,13.78,9.67,4.0634
2023,5,11,10.91,13.31,8.76,4.2581
2023,5,12,12.21,14.83,9.15,6.6266
2023,5,13,12.8,15.66,9.2,5.8615
2023,5,14,11.5,13.54,7.85,4.2432
2023,5,15,10.46,13.52,6.88,5.8819
2023,5,16,11.35,14.85,6.84,5.9198
2023,5,17,12.73,16.02,9.56,5.7365
2023,5,18,12.31,14.81,9.08,4.1184
2023,5,19,12.23,14.87,8.93,4.5216
2023,5,20,13.0,15.61,10.97,3.3751
2023,5,21,12.98,15.0,10.7,3.3228
2023,5,22,12.08,14.98,9.81,5.4204
2023,5,23,12.47,16.07,9.24,6.1733
2023,5,24,12.84,16.25,8.77,4.6418
2023,5,25,13.35,16.99,9.41,5.8291
2023,5,26,13.21,16.28,9.66,5.5548
2023,5,27,15.01,18.64,11.77,6.2722
2023,5,28,12.03,14.51,9.87,7.6294
2023,5,29,12.64,15.04,9.42,7.4489
2023,5,30,13.27,15.87,9.87,8.0191
2023,5,31,12.85,14.46,10.66,7.7494
2023,6,1,12.63,14.53,10.28,7.4414
2023,6,2,12.29,14.23,10.23,7.8072
2023,6,3,13.41,16.61,9.75,8.2514
2023,6,4,14.13,17.02,10.74,8.1298
2023,6,5,14.34,17.25,11.28,8.0518
2023,6,6,13.18,15.59,10.28,7.3584
2023,6,7,12.17,13.71,9.97,5.9779
2023,6,8,12.68,14.19,10.75,6.5126
2023,6,9,14.25,16.91,11.16,7.5456
2023,6,10,15.1,16.99,12.84,3.1932
2023,6,11,17.06,20.07,12.82,4.6258
2023,6,12,17.14,18.66,14.69,2.743
2023,6,13,17.52,20.31,15.29,5.4744
2023,6,14,16.64,18.33,14.65,7.6394
2023,6,15,17.26,20.73,14.56,7.0315
2023,6,16,16.43,19.77,14.18,3.6146
2023,6,17,15.63,17.5,13.87,4.5307
2023,6,18,16.21,18.78,13.05,5.1643
2023,6,19,16.77,19.43,14.0,5.623
2023,6,20,16.66,19.22,14.04,5.7838
2023,6,21,16.79,19.68,13.56,5.9791
2023,6,22,16.59,19.1,13.37,7.0164
2023,6,23,17.42,19.58,15.26,3.2599
2023,6,24,18.47,21.63,15.6,6.1078
2023,6,25,16.51,18.64,13.18,5.6016
2023,6,26,14.98,17.26,12.12,5.9112
2023,6,27,17.05,20.4,14.17,3.3038
2023,6,28,16.05,17.34,13.01,4.4251
2023,6,29,14.75,17.45,10.81,3.9576
2023,6,30,15.69,18.24,13.33,2.3285
2023,7,1,14.68,17.13,11.72,4.6262
2023,7,2,13.61,15.55,11.12,5.0383
2023,7,3,13.16,15.96,10.68,5.5226
2023,7,4,13.52,16.32,9.98,5.1012
2023,7,5,13.75,16.39,10.05,5.1732
2023,7,6,14.66,16.42,12.21,2.7703
2023,7,7,17.2,19.4,15.46,4.2811
2023,7,8,16.45,18.64,13.78,5.2992
2023,7,9,15.57,18.21,13.08,5.1278
2023,7,10,15.4,17.55,13.14,3.2489
2023,7,11,15.09,17.41,12.51,4.7417
2023,7,12,14.86,17.64,12.43,4.9054
2023,7,13,15.0,17.76,12.07,4.332
2023,7,14,14.85,17.05,13.56,1.7707
2023,7,15,14.62,16.49,12.84,2.375
2023,7,16,14.51,16.73,12.39,5.0482
2023,7,17,14.63,17.38,11.5,4.733
2023,7,18,14.61,16.93,12.99,4.2494
2023,7,19,14.72,17.51,11.17,4.4594
2023,7,20,14.12,16.89,10.76,4.4513
2023,7,21,13.92,16.52,10.95,3.4615
2023,7,22,15.81,18.23,13.35,2.7204
2023,7,23,14.92,15.76,12.82,2.5572
2023,7,24,13.98,16.69,11.07,5.0304
2023,7,25,14.27,17.58,9.69,6.2537
2023,7,26,15.21,17.1,12.35,1.6006
2023,7,27,17.35,20.19,15.09,5.5248
2023,7,28,15.91,18.73,13.92,4.9922
2023,7,29,15.19,18.03,12.35,5.7869
2023,7,30,15.54,17.74,12.79,2.1058
2023,7,31,15.8,17.85,13.34,2.7698
2023,8,1,15.27,17.82,12.88,4.1316
2023,8,2,15.32,17.0,14.04,2.5774
2023,8,3,14.51,16.89,12.3,4.4297
2023,8,4,14.0,16.12,11.9,3.7994
2023,8,5,13.69,16.37,11.82,4.9553
2023,8,6,14.31,17.44,11.17,5.136
2023,8,7,14.28,17.37,10.19,4.1822
2023,8,8,15.24,17.64,12.91,3.9581
2023,8,9,18.08,22.25,14.23,4.9608
2023,8,10,17.64,20.0,15.52,3.492
2023,8,11,16.87,19.53,14.27,4.3123
2023,8,12,16.78,19.37,14.23,3.5786
2023,8,13,15.87,18.58,13.82,4.067
2023,8,14,16.0,18.87,13.44,4.0229
2023,8,15,15.9,18.97,12.61,4.4114
2023,8,16,15.59,18.26,12.98,3.7922
2023,8,17,16.37,18.35,13.38,4.7311
2023,8,18,16.9,18.27,15.53,1.555
2023,8,19,17.19,19.41,15.13,3.5986
2023,8,20,16.78,19.68,14.17,4.5072
2023,8,21,17.18,19.69,15.12,3.8803
2023,8,22,16.01,18.39,12.88,3.4805
2023,8,23,15.37,18.63,11.73,3.1356
2023,8,24,14.72,17.46,12.36,4.6793
2023,8,25,14.63,17.46,12.5,4.1064
2023,8,26,14.59,17.73,12.14,3.6139
2023,8,27,14.49,17.81,12.64,3.282
2023,8,28,14.69,17.06,12.33,2.9998
2023,8,29,14.3,16.44,12.06,3.8597
2023,8,30,13.94,16.64,11.62,3.2486
2023,8,31,14.82,17.52,12.63,2.755
2023,9,1,15.61,18.45,13.48,3.7279
2023,9,2,16.53,20.17,13.43,4.363
2023,9,3,16.91,20.35,13.72,3.8551
2023,9,4,16.88,20.62,13.08,5.3837
2023,9,5,17.52,19.36,15.56,3.7526
2023,9,6,18.32,22.23,14.95,3.9338
2023,9,7,17.88,20.31,15.71,3.121
2023,9,8,19.69,23.67,16.22,4.7542
2023,9,9,19.84,23.04,16.48,3.9223
2023,9,10,18.33,19.72,16.16,3.0504
2023,9,11,16.41,17.7,14.3,1.9006
2023,9,12,14.03,16.4,11.78,4.0577
2023,9,13,14.13,16.01,11.57,2.087
2023,9,14,14.69,17.05,12.69,3.4706
2023,9,15,12.81,13.33,12.24,1.541
2023,9,16,13.21,14.47,11.69,1.86
2023,9,17,15.18,16.38,14.58,1.4148
2023,9,18,13.08,14.7,11.49,3.8479
2023,9,19,15.86,18.17,11.73,1.8578
2023,9,20,14.32,16.62,10.51,3.6862
2023,9,21,12.15,15.36,9.55,3.6494
2023,9,22,11.52,14.0,8.82,3.6031
2023,9,23,11.93,15.65,7.64,2.4182
2023,9,24,15.97,17.51,13.8,1.0462
2023,9,25,15.06,17.39,13.71,3.1392
2023,9,26,14.53,16.94,11.74,3.1584
2023,9,27,14.64,17.12,11.84,1.1923
2023,9,28,13.53,16.23,11.85,1.1573
2023,9,29,13.27,16.48,11.03,3.1937
2023,9,30,13.91,16.69,10.46,0.895
2023,10,1,15.16,17.35,12.27,3.3569
2023,10,2,12.61,14.99,10.85,1.7652
2023,10,3,12.55,15.1,10.16,2.5442
2023,10,4,13.64,16.5,11.26,1.9166
2023,10,5,14.87,16.72,13.28,1.4009
2023,10,6,16.73,19.07,14.98,1.309
2023,10,7,15.92,18.29,14.3,1.4422
2023,10,8,15.59,18.36,13.42,2.3626
2023,10,9,15.82,18.57,13.52,2.5301
2023,10,10,15.96,18.28,13.54,1.4662
2023,10,11,11.69,15.5,9.09,1.1866
2023,10,12,10.27,13.11,7.25,2.6424
2023,10,13,10.63,13.11,8.28,2.3062
2023,10,14,8.4,10.6,6.74,2.3388
2023,10,15,7.9,10.49,5.69,2.5344
2023,10,16,9.7,12.03,8.43,2.3182
2023,10,17,11.3,12.4,8.88,1.1006
2023,10,18,12.83,13.93,11.49,0.9367
2023,10,19,13.96,15.89,12.49,1.607
2023,10,20,12.05,13.7,9.94,0.8402
2023,10,21,9.34,10.96,7.88,1.7177
2023,10,22,9.11,11.81,6.89,2.1156
2023,10,23,12.57,13.61,10.46,1.0373
2023,10,24,11.68,13.04,10.16,1.5142
2023,10,25,11.05,12.75,9.38,1.5029
2023,10,26,11.63,13.9,10.27,1.3306
2023,10,27,11.31,12.75,10.1,1.584
2023,10,28,11.8,13.56,10.78,1.5809
2023,10,29,11.07,12.44,9.73,1.0426
2023,10,30,11.01,12.82,10.13,1.0061
2023,10,31,10.87,12.41,9.78,1.2146
2023,11,1,10.64,13.27,8.3,1.3697
2023,11,2,8.6,9.73,7.6,1.2307
2023,11,3,8.59,11.44,6.59,1.433
2023,11,4,9.23,10.65,7.5,0.972
2023,11,5,8.88,10.87,7.61,1.4837
2023,11,6,8.83,10.6,7.95,1.4362
2023,11,7,8.87,10.7,7.74,1.6116
2023,11,8,8.74,11.26,6.86,1.4102
2023,11,9,7.38,8.48,6.31,0.9658
2023,11,10,8.05,9.95,7.09,1.363
2023,11,11,7.34,9.13,5.76,1.175
2023,11,12,10.04,11.98,8.97,0.8474
2023,11,13,10.5,12.13,9.4,1.193
2023,11,14,10.09,11.5,8.95,1.1436
2023,11,15,7.89,10.18,6.35,1.237
2023,11,16,8.02,10.04,6.62,0.4541
2023,11,17,7.82,11.19,6.42,0.7829
2023,11,18,12.28,13.65,10.6,0.7894
2023,11,19,10.74,12.54,9.09,0.6209
2023,11,20,9.71,10.8,8.59,0.7253
2023,11,21,8.16,9.16,7.44,0.8069
2023,11,22,10.55,12.24,8.77,0.5078
2023,11,23,10.64,12.32,8.08,0.5674
2023,11,24,6.77,8.75,3.73,0.6211
2023,11,25,4.63,7.68,2.96,0.8107
2023,11,26,9.1,10.48,7.76,0.3785
2023,11,27,7.68,8.85,5.93,0.9475
2023,11,28,6.01,6.98,4.71,0.653
2023,11,29,4.73,6.31,3.26,0.804
2023,11,30,4.37,5.88,2.6,0.9295
2023,12,1,2.92,4.23,2.23,0.8218
2023,12,2,3.58,5.09,2.27,0.6305
2023,12,3,4.35,5.94,2.79,0.7262
2023,12,4,4.92,5.9,4.25,0.7298
2023,12,5,5.52,6.6,4.25,0.6571
2023,12,6,7.93,9.3,6.48,0.3367
2023,12,7,10.31,11.75,8.88,0.347
2023,12,8,8.49,9.06,7.33,0.2501
2023,12,9,8.9,10.92,7.26,0.4488
2023,12,10,8.59,10.62,6.82,0.6434
2023,12,11,8.25,10.59,6.71,0.8011
2023,12,12,8.42,10.0,7.92,0.6082
2023,12,13,6.83,7.82,6.14,0.7574
2023,12,14,7.62,8.99,6.55,0.4387
2023,12,15,8.09,10.01,5.63,0.455
2023,12,16,9.74,10.85,8.54,0.5285
2023,12,17,10.79,11.58,9.81,0.2042
2023,12,18,11.1,12.04,9.13,0.3986
2023,12,19,7.22,8.99,6.16,0.7373
2023,12,20,9.26,10.45,7.12,0.2676
2023,12,21,9.78,10.59,8.42,0.5242
2023,12,22,9.21,9.98,8.43,0.4123
2023,12,23,10.16,11.98,8.87,0.3254
2023,12,24,10.87,12.34,8.99,0.5086
2023,12,25,8.3,9.48,6.83,0.3274
2023,12,26,6.13,7.7,4.91,0.4702
2023,12,27,9.49,12.18,7.61,0.2172
2023,12,28,8.22,9.45,6.82,0.6564
2023,12,29,5.56,6.59,4.47,0.7428
2023,12,30,7.74,9.97,4.36,0.4668
2023,12,31,7.31,7.85,6.35,0.4262
2024,1,1,6.89,9.84,4.19,0.3763
2024,1,2,8.53,9.27,7.27,0.2299
2024,1,3,7.78,8.26,7.27,0.5342
2024,1,4,5.92,7.15,5.13,0.937
2024,1,5,6.24,7.33,5.33,0.8846
2024,1,6,5.16,6.46,4.6,0.9929
2024,1,7,4.59,5.38,3.53,0.8438
2024,1,8,3.72,5.66,2.56,0.5683
2024,1,9,4.06,4.94,3.48,0.8136
2024,1,10,4.93,6.32,3.0,0.611
2024,1,11,6.38,7.61,5.67,0.4886
2024,1,12,4.32,6.0,1.64,0.348
2024,1,13,3.76,5.0,1.59,0.8124
2024,1,14,3.71,5.28,2.33,0.9043
2024,1,15,1.96,3.24,1.09,1.0332
2024,1,16,2.41,3.9,0.93,0.8297
2024,1,17,1.46,2.79,0.25,1.1635
2024,1,18,1.39,3.17,-0.06,1.2317
2024,1,19,2.9,4.89,1.23,0.8717
2024,1,20,7.1,8.73,5.21,0.4786
2024,1,21,9.31,12.36,6.77,0.361
2024,1,22,6.25,7.6,4.25,0.9758
2024,1,23,9.07,12.58,4.19,0.8155
2024,1,24,7.42,8.82,6.34,1.0118
2024,1,25,10.18,11.57,7.5,0.7495
2024,1,26,5.8,7.68,4.04,1.32
2024,1,27,7.8,9.45,5.63,0.731
2024,1,28,9.66,11.49,6.38,0.4594
2024,1,29,5.35,6.33,3.61,0.6881
2024,1,30,4.38,7.47,2.5,1.5194
2024,1,31,6.47,10.02,4.35,0.3929
2024,2,1,5.8,8.22,3.46,1.1158
2024,2,2,10.47,11.53,8.54,0.876
2024,2,3,8.91,10.71,7.05,1.0718
2024,2,4,9.4,12.05,7.14,1.0723
2024,2,5,9.3,10.69,8.15,1.1714
2024,2,6,7.59,10.01,4.51,0.847
2024,2,7,4.39,6.3,2.59,1.451
2024,2,8,5.19,6.99,3.06,0.4363
2024,2,9,5.9,6.48,5.35,0.822
2024,2,10,7.03,9.2,4.96,1.4777
2024,2,11,5.98,8.31,4.36,1.6639
2024,2,12,5.24,7.79,3.01,1.6121
2024,2,13,6.69,8.48,4.56,1.1201
2024,2,14,10.42,12.18,8.67,0.845
2024,2,15,10.15,11.6,7.95,1.3152
2024,2,16,9.07,10.64,7.4,1.4062
2024,2,17,10.05,11.29,8.56,0.8165
2024,2,18,9.7,11.54,7.98,1.4957
2024,2,19,8.79,10.3,7.32,1.5607
2024,2,20,9.32,11.52,7.53,1.8816
2024,2,21,9.21,11.97,6.95,1.8206
2024,2,22,5.76,7.52,4.49,2.1091
2024,2,23,4.71,6.04,3.77,1.8804
2024,2,24,4.87,6.83,3.61,1.7537
2024,2,25,6.23,7.02,4.86,1.6325
2024,2,26,5.58,7.96,4.07,2.3374
2024,2,27,6.31,9.04,4.47,1.7105
2024,2,28,8.45,11.67,4.48,0.9958
2024,2,29,5.93,7.95,3.98,1.9963
2024,3,1,4.76,5.63,4.04,0.9641
2024,3,2,4.55,6.52,2.99,1.8194
2024,3,3,5.24,7.93,3.32,2.1317
2024,3,4,6.47,7.59,4.95,1.3836
2024,3,5,7.08,9.86,5.08,2.5541
2024,3,6,7.4,9.23,4.79,1.6872
2024,3,7,7.45,8.16,6.58,2.3335
2024,3,8,6.47,7.29,5.2,1.5372
2024,3,9,6.6,7.86,5.07,0.899
2024,3,10,7.34,8.52,6.76,0.9938
2024,3,11,7.72,9.33,6.68,1.2833
2024,3,12,10.29,12.02,7.59,1.7434
2024,3,13,9.5,10.65,7.67,1.6958
2024,3,14,10.53,12.08,7.97,1.5622
2024,3,15,8.48,10.13,5.41,2.699
2024,3,16,8.27,11.07,4.8,1.2917
2024,3,17,9.81,11.98,7.87,2.1574
2024,3,18,9.24,10.85,6.65,1.7568
2024,3,19,9.82,11.66,8.22,2.6446
2024,3,20,8.35,10.46,6.61,2.963
2024,3,21,9.07,11.35,6.44,1.0464
2024,3,22,6.93,8.96,4.78,3.6751
2024,3,23,6.14,8.41,4.34,3.547
2024,3,24,7.28,9.83,5.1,2.8793
2024,3,25,8.61,9.95,7.52,1.848
2024,3,26,8.04,9.27,7.26,1.1088
2024,3,27,6.67,7.82,4.56,3.1524
2024,3,28,5.96,8.91,4.36,3.3518
2024,3,29,7.81,10.44,4.15,3.1865
2024,3,30,8.03,10.48,5.99,3.9358
2024,3,31,8.98,10.74,7.2,3.4118
2024,4,1,7.48,8.73,5.4,1.9114
2024,4,2,7.48,10.52,4.8,3.5854
2024,4,3,8.97,11.26,6.86,2.9107
2024,4,4,8.93,10.46,7.32,2.0496
2024,4,5,11.1,13.32,9.33,2.814
2024,4,6,11.17,12.52,8.57,3.149
2024,4,7,9.41,11.52,6.97,4.3702
2024,4,8,7.55,9.31,5.95,1.4998
2024,4,9,7.59,10.0,5.59,5.0851
2024,4,10,10.82,14.25,5.62,1.571
2024,4,11,12.38,14.68,11.09,2.1473
2024,4,12,11.86,13.33,10.75,1.907
2024,4,13,9.89,12.09,5.95,4.6231
2024,4,14,7.89,9.88,5.27,3.3103
2024,4,15,7.56,8.99,5.81,5.0177
2024,4,16,8.36,11.17,5.85,5.0165
2024,4,17,7.21,9.27,5.01,2.8025
2024,4,18,8.63,11.15,5.41,3.0809
2024,4,19,9.94,12.4,6.17,4.1088
2024,4,20,8.85,13.25,4.57,6.0696
2024,4,21,10.32,13.58,7.59,6.24
2024,4,22,10.24,12.66,7.55,3.1051
2024,4,23,9.12,12.2,6.76,6.199
2024,4,24,8.48,10.3,6.42,4.5041
2024,4,25,8.01,10.82,5.89,3.1358
2024,4,26,7.0,8.71,4.9,4.4498
2024,4,27,7.13,9.08,4.25,4.6771
2024,4,28,8.29,11.19,4.36,4.705
2024,4,29,10.02,13.21,7.81,4.026
2024,4,30,9.79,11.3,7.81,3.2227
2024,5,1,9.96,12.38,7.4,5.3894
2024,5,2,11.28,14.18,8.4,3.4994
2024,5,3,12.03,15.46,9.34,2.6146
2024,5,4,11.03,12.03,10.15,1.9858
2024,5,5,12.03,14.69,9.64,4.8631
2024,5,6,11.72,13.58,9.61,2.0208
2024,5,7,12.0,15.71,8.18,4.0824
2024,5,8,12.52,15.11,9.55,4.2307
2024,5,9,13.0,16.49,9.15,5.9066
2024,5,10,14.2,18.34,10.55,7.153
2024,5,11,14.2,17.29,11.05,6.1486
2024,5,12,14.42,17.59,11.7,4.2739
2024,5,13,11.8,13.13,10.7,2.0988
2024,5,14,12.82,15.15,9.97,4.7796
2024,5,15,13.29,16.13,10.29,5.4672
2024,5,16,13.74,16.5,10.07,5.1554
2024,5,17,13.73,15.69,11.64,3.2045
2024,5,18,13.88,16.91,11.05,3.2875
2024,5,19,13.68,17.2,10.1,7.6349
2024,5,20,13.76,16.84,10.58,6.4966
2024,5,21,14.23,16.82,11.16,3.7963
2024,5,22,12.96,14.74,10.08,3.4092
2024,5,23,10.92,13.16,8.9,4.4479
2024,5,24,11.0,13.02,9.08,2.6196
2024,5,25,12.12,14.09,9.4,5.0494
2024,5,26,12.3,14.37,10.64,3.3653
2024,5,27,12.21,15.01,9.36,4.9546
2024,5,28,13.82,16.64,11.28,3.5966
2024,5,29,13.21,15.87,11.03,3.7651
2024,5,30,12.67,15.08,10.44,4.1078
2024,5,31,12.81,16.2,9.42,6.786
2024,6,1,13.09,16.63,9.19,5.8032
2024,6,2,13.66,17.19,9.25,5.2286
2024,6,3,14.12,16.08,11.89,3.871
2024,6,4,12.18,14.85,8.14,5.5642
2024,6,5,10.77,14.29,7.38,5.3575
2024,6,6,11.19,14.13,7.88,5.274
2024,6,7,12.13,14.98,8.64,4.6735
2024,6,8,12.07,15.25,9.52,6.2088
2024,6,9,11.31,13.23,9.05,2.904
2024,6,10,11.25,14.24,8.11,5.7622
2024,6,11,11.26,14.04,7.97,4.9886
2024,6,12,11.62,14.7,8.1,5.3899
2024,6,13,13.0,15.88,10.8,3.101
2024,6,14,12.26,14.1,9.84,5.8198
2024,6,15,11.78,14.17,9.48,5.0198
2024,6,16,13.01,16.46,8.77,5.4809
2024,6,17,13.42,16.57,10.06,4.1028
2024,6,18,12.17,14.64,9.64,3.9713
2024,6,19,12.98,16.92,8.27,7.6246
2024,6,20,14.79,18.23,10.3,5.5814
2024,6,21,14.38,16.82,11.26,3.3425
2024,6,22,14.33,17.33,9.85,4.8223
2024,6,23,15.45,18.9,11.94,6.6139
2024,6,24,17.49,20.76,13.26,4.4686
2024,6,25,15.73,17.13,13.33,3.173
2024,6,26,15.42,18.81,11.3,5.179
2024,6,27,14.04,16.15,12.04,4.1686
2024,6,28,13.79,16.19,11.02,5.0282
2024,6,29,13.67,15.3,10.89,3.7128
2024,6,30,13.16,16.06,10.24,4.0601
2024,7,1,13.8,17.21,11.16,3.7894
2024,7,2,13.67,16.27,10.38,4.1198
2024,7,3,13.59,16.64,9.75,5.0666
2024,7,4,12.57,15.13,8.86,5.4814
2024,7,5,12.66,15.26,9.4,4.2902
2024,7,6,12.73,15.21,10.03,5.417
2024,7,7,13.12,15.59,10.65,4.8041
2024,7,8,14.04,16.28,11.59,6.1622
2024,7,9,14.08,15.61,13.11,1.8763
2024,7,10,13.39,14.74,12.14,2.8042
2024,7,11,13.47,16.01,11.5,4.7503
2024,7,12,13.66,15.99,10.76,3.2846
2024,7,13,14.91,18.06,11.07,4.6884
2024,7,14,15.5,17.81,13.13,4.1755
2024,7,15,14.39,16.39,11.69,4.3426
2024,7,16,15.33,17.78,12.52,4.2746
2024,7,17,15.68,18.71,11.9,4.2017
2024,7,18,16.29,18.72,14.41,2.6921
2024,7,19,17.35,20.41,14.9,5.0302
2024,7,20,14.9,16.7,11.65,3.0571
2024,7,21,14.68,17.43,11.65,2.9412
2024,7,22,16.31,18.46,14.2,4.4134
2024,7,23,16.02,19.13,12.73,4.8672
2024,7,24,16.6,18.58,14.3,3.5566
2024,7,25,15.71,18.03,12.88,3.5477
2024,7,26,14.79,17.43,11.73,4.9018
2024,7,27,15.45,18.2,12.46,4.4453
2024,7,28,15.77,18.85,11.82,5.5291
2024,7,29,16.14,18.9,12.95,4.8646
2024,7,30,15.91,18.49,13.5,5.2466
2024,7,31,16.2,18.75,12.69,5.0578
2024,8,1,17.75,20.64,15.23,4.6771
2024,8,2,16.67,19.32,12.14,2.8214
2024,8,3,14.58,17.19,11.86,4.3248
2024,8,4,15.75,18.06,13.3,1.848
2024,8,5,17.57,20.35,13.13,3.1654
2024,8,6,14.72,17.9,11.14,4.8031
2024,8,7,15.03,17.58,12.5,4.002
2024,8,8,16.46,19.37,13.73,2.1262
2024,8,9,16.01,18.79,13.68,5.31
2024,8,10,16.4,19.39,13.63,5.8946
2024,8,11,16.73,19.42,13.18,4.5672
2024,8,12,16.92,18.49,14.41,5.0402
2024,8,13,16.33,19.38,12.29,4.6481
2024,8,14,15.13,18.69,10.79,4.5074
2024,8,15,16.11,17.92,12.85,4.0613
2024,8,16,14.35,17.34,10.82,3.2815
2024,8,17,14.5,17.06,11.75,2.7893
2024,8,18,14.86,17.63,12.2,4.2576
2024,8,19,15.19,18.85,12.77,2.0429
2024,8,20,13.77,15.86,11.26,5.208
2024,8,21,14.33,17.08,11.14,1.6723
2024,8,22,14.6,16.28,12.87,2.8651
2024,8,23,13.86,16.66,10.69,4.7124
2024,8,24,12.96,15.65,10.43,5.0604
2024,8,25,13.49,16.43,9.93,1.9726
2024,8,26,15.31,17.62,12.95,2.6551
2024,8,27,16.93,19.21,14.34,4.1263
2024,8,28,14.85,17.83,11.88,3.6619
2024,8,29,13.95,17.18,11.02,4.4467
2024,8,30,13.54,16.93,10.83,4.9543
2024,8,31,14.33,17.54,11.25,4.9447
2024,9,1,15.44,17.81,12.85,1.8005
2024,9,2,14.8,17.09,10.64,2.0815
2024,9,3,13.12,16.87,9.8,2.6902
2024,9,4,12.57,15.33,10.23,3.936
2024,9,5,14.4,16.91,11.45,3.3845
2024,9,6,16.25,18.75,14.07,4.8794
2024,9,7,15.92,18.84,13.76,4.17
2024,9,8,14.58,17.47,11.43,1.8134
2024,9,9,13.19,15.96,10.29,3.27
2024,9,10,12.66,14.66,9.02,3.6194
2024,9,11,10.64,13.73,8.33,4.2787
2024,9,12,10.13,12.97,7.92,4.2929
2024,9,13,10.96,14.35,6.8,2.923
2024,9,14,14.58,17.07,11.91,1.9164
2024,9,15,14.51,16.35,12.36,2.9803
2024,9,16,14.27,18.02,10.92,4.4285
2024,9,17,14.49,18.14,11.92,4.5588
2024,9,18,13.41,16.44,11.18,4.4194
2024,9,19,13.88,17.16,11.15,4.0699
2024,9,20,13.77,15.8,11.35,3.2604
2024,9,21,14.52,16.11,12.8,1.4974
2024,9,22,14.28,15.75,13.16,1.4647
2024,9,23,13.31,15.29,11.78,1.2581
2024,9,24,11.78,14.69,9.21,3.2861
2024,9,25,10.46,12.15,8.32,1.7323
2024,9,26,11.53,12.76,9.83,0.9245
2024,9,27,9.81,12.04,7.89,3.3026
2024,9,28,10.31,13.64,7.81,2.399
2024,9,29,11.85,13.11,10.24,1.2746
2024,9,30,11.55,12.65,10.47,1.4909
2024,10,1,11.99,14.61,10.33,3.0192
2024,10,2,12.34,14.62,10.64,2.2373
2024,10,3,11.74,14.0,9.13,2.4864
2024,10,4,13.49,14.77,12.12,0.9509
2024,10,5,13.7,14.85,12.78,1.1412
2024,10,6,13.51,15.96,11.74,2.2889
2024,10,7,13.56,16.2,11.78,2.3196
2024,10,8,13.55,14.99,12.37,1.872
2024,10,9,11.62,13.51,9.21,1.6082
2024,10,10,7.93,10.32,5.66,2.7194
2024,10,11,7.97,11.4,4.89,2.2421
2024,10,12,8.2,11.41,5.65,2.4365
2024,10,13,7.74,9.45,5.28,1.1518
2024,10,14,9.62,12.74,6.88,2.513
2024,10,15,13.12,14.65,10.44,0.9566
2024,10,16,14.18,16.32,12.51,1.0334
2024,10,17,12.46,15.31,9.63,2.0062
2024,10,18,12.41,15.75,9.72,0.7944
2024,10,19,11.3,13.95,8.91,2.147
2024,10,20,13.22,15.27,11.64,1.3663
2024,10,21,11.34,13.71,9.36,1.9454
2024,10,22,11.17,14.17,9.21,1.6505
2024,10,23,11.37,14.17,8.28,1.6332
2024,10,24,13.75,14.89,12.84,1.0447
2024,10,25,13.54,15.18,11.04,1.0704
2024,10,26,10.83,14.21,6.97,0.912
2024,10,27,9.34,13.36,5.75,0.696
2024,10,28,13.1,13.9,11.79,1.3718
2024,10,29,11.04,12.97,9.29,1.1479
2024,10,30,11.15,14.02,9.61,1.177
2024,10,31,11.26,12.42,10.6,0.911
2024,11,1,11.29,12.6,10.03,0.6343
2024,11,2,11.32,12.45,10.17,0.7574
2024,11,3,11.31,13.18,9.46,0.588
2024,11,4,11.26,12.67,10.41,0.7382
2024,11,5,12.05,13.65,10.43,0.5642
2024,11,6,13.73,15.9,12.32,0.7958
2024,11,7,13.02,14.11,11.83,0.6065
2024,11,8,11.71,13.05,10.7,0.5762
2024,11,9,11.18,12.29,9.66,0.5225
2024,11,10,11.43,13.62,8.19,1.0385
2024,11,11,9.07,11.79,7.29,1.1436
2024,11,12,8.84,10.17,7.8,1.1112
2024,11,13,8.78,10.98,6.53,0.846
2024,11,14,11.32,13.02,10.04,0.5887
2024,11,15,11.13,12.18,10.44,0.911
2024,11,16,9.19,10.55,7.23,0.8062
2024,11,17,7.82,9.86,7.02,0.7027
2024,11,18,6.38,6.84,5.84,0.3137
2024,11,19,5.09,6.6,3.24,0.5256
2024,11,20,3.29,5.23,2.41,1.0061
2024,11,21,3.16,4.71,2.34,0.9871
2024,11,22,3.62,5.65,2.24,1.0682
2024,11,23,11.51,14.44,5.48,0.6593
2024,11,24,10.14,14.38,8.86,1.0481
2024,11,25,6.74,8.18,4.94,1.0322
2024,11,26,5.36,7.48,4.26,1.157
2024,11,27,4.31,5.08,3.65,1.0231
2024,11,28,7.81,10.94,4.14,0.263
2024,11,29,11.89,12.45,10.94,0.2124
2024,11,30,12.48,13.85,11.26,0.5546
2024,12,1,10.81,12.54,8.4,0.7546
2024,12,2,5.98,8.67,3.59,0.9403
2024,12,3,5.33,7.6,3.33,0.7723
2024,12,4,9.18,11.87,6.0,0.2765
2024,12,5,9.31,11.85,6.24,0.311
2024,12,6,8.08,12.3,5.18,0.2354
2024,12,7,6.77,9.09,5.59,0.768
2024,12,8,6.06,7.33,5.52,0.7855
2024,12,9,6.55,7.9,5.98,0.7774
2024,12,10,5.87,7.49,4.37,0.505
2024,12,11,5.16,6.95,4.15,0.4421
2024,12,12,5.6,6.64,4.72,0.3504
2024,12,13,5.3,6.47,3.95,0.4714
2024,12,14,5.82,8.93,3.95,0.305
2024,12,15,9.97,11.2,8.99,0.3146
2024,12,16,8.77,9.64,8.05,0.3502
2024,12,17,10.64,12.58,8.48,0.1673
2024,12,18,9.22,12.49,5.31,0.3581
2024,12,19,4.91,6.26,4.38,0.8405
2024,12,20,6.87,9.4,4.82,0.6139
2024,12,21,7.68,10.8,4.96,0.6062
2024,12,22,5.08,6.94,4.13,0.714
2024,12,23,7.54,10.86,3.84,0.378
2024,12,24,10.41,11.43,9.48,0.4198
2024,12,25,9.17,10.66,8.22,0.4637
2024,12,26,8.74,9.87,7.91,0.4711
2024,12,27,8.8,9.66,7.99,0.4584
2024,12,28,8.22,9.26,6.67,0.551
2024,12,29,7.83,9.55,6.42,0.401
2024,12,30,8.97,9.57,8.2,0.4519
2024,12,31,9.78,11.26,8.06,0.2136
2025,1,1,5.75,7.89,3.78,0.822
2025,1,2,3.0,4.3,1.84,0.9454
2025,1,3,2.55,4.37,1.35,0.971
2025,1,4,2.64,3.69,1.33,0.3806
2025,1,5,2.92,3.85,2.13,0.2273
2025,1,6,2.7,4.14,1.52,0.4169
2025,1,7,2.5,2.92,1.81,0.7769
2025,1,8,1.8,2.97,0.77,0.5928
2025,1,9,1.29,2.76,0.42,0.9754
2025,1,10,3.78,4.89,1.41,0.6622
2025,1,11,5.27,6.52,3.84,0.6756
2025,1,12,6.59,9.37,3.44,0.6425
2025,1,13,10.22,11.02,9.41,0.2947
2025,1,14,10.27,11.61,9.56,0.5513
2025,1,15,7.94,10.22,6.6,1.1803
2025,1,16,8.48,9.44,6.93,0.8822
2025,1,17,8.93,9.7,7.72,0.9744
2025,1,18,8.19,9.71,7.2,0.8011
2025,1,19,7.35,8.38,6.73,0.5177
2025,1,20,7.52,8.62,6.11,0.5184
2025,1,21,5.54,6.3,4.9,0.9439
2025,1,22,5.33,5.73,5.0,0.6847
2025,1,23,6.07,7.65,5.05,0.9144
2025,1,24,6.11,11.35,2.39,1.1789
2025,1,25,3.61,6.03,1.8,1.0025
2025,1,26,5.9,8.73,2.7,0.335
2025,1,27,7.03,8.07,5.82,0.6442
2025,1,28,6.88,7.8,5.29,0.7994
2025,1,29,5.16,7.28,3.3,1.4112
2025,1,30,4.15,6.59,1.84,1.157
2025,1,31,5.77,8.02,3.71,1.7131
2025,2,1,6.75,8.58,4.24,0.6761
2025,2,2,7.15,8.85,4.64,1.1273
2025,2,3,8.21,10.27,4.56,0.7308
2025,2,4,8.26,10.39,5.16,1.3483
2025,2,5,5.15,7.95,3.46,1.8929
2025,2,6,4.61,7.67,2.74,2.0251
2025,2,7,4.44,6.41,2.46,1.2137
2025,2,8,4.23,5.81,3.08,0.9
2025,2,9,5.95,7.28,3.75,0.5386
2025,2,10,5.25,6.12,4.66,0.8786
2025,2,11,5.15,6.06,3.88,0.4178
2025,2,12,5.17,6.52,4.44,0.7469
2025,2,13,4.54,5.63,3.72,0.6982
2025,2,14,4.99,6.14,4.08,0.7044
2025,2,15,6.44,7.17,5.95,0.937
2025,2,16,6.61,7.45,5.7,0.793
2025,2,17,5.58,6.24,4.54,0.7939
2025,2,18,6.28,7.07,5.82,0.6322
2025,2,19,8.59,10.73,6.19,1.4398
2025,2,20,10.97,12.21,9.74,1.8305
2025,2,21,10.37,12.19,8.0,1.1779
2025,2,22,8.19,10.8,6.71,2.4727
2025,2,23,10.17,12.44,7.65,1.4597
2025,2,24,8.03,10.02,5.23,2.2476
2025,2,25,5.91,8.4,4.01,2.4079
2025,2,26,5.59,7.4,4.05,2.274
2025,2,27,5.34,8.63,3.2,2.8109
2025,2,28,5.09,9.0,1.76,2.5891
2025,3,1,5.92,8.34,3.48,1.6212
2025,3,2,7.12,9.69,5.37,1.4719
2025,3,3,7.7,11.03,5.61,2.1293
2025,3,4,6.37,9.26,3.99,2.802
2025,3,5,7.97,11.01,6.29,1.8684
2025,3,6,9.14,11.84,7.1,1.2876
2025,3,7,9.31,10.61,8.06,1.3272
2025,3,8,9.7,11.87,8.16,2.0134
2025,3,9,8.71,11.38,6.74,3.2429
2025,3,10,8.07,10.36,6.34,2.9513
2025,3,11,5.66,7.15,4.09,3.2374
2025,3,12,5.53,8.5,3.39,3.3562
2025,3,13,5.18,7.53,2.63,2.2697
2025,3,14,5.15,7.77,3.09,2.8111
2025,3,15,5.8,8.7,2.88,3.2698
2025,3,16,6.15,9.35,3.71,2.7317
2025,3,17,6.19,7.65,5.03,1.3529
2025,3,18,6.45,8.66,4.93,2.7396
2025,3,19,6.75,10.7,3.49,4.195
2025,3,20,8.65,12.03,5.05,3.6487
2025,3,21,9.88,11.39,8.41,1.9044
2025,3,22,8.95,11.7,6.36,1.4719
2025,3,23,7.76,10.06,5.36,2.2937
2025,3,24,7.99,11.38,4.52,4.661
2025,3,25,9.87,12.35,7.77,2.61
2025,3,26,9.66,13.02,5.68,2.3717
2025,3,27,10.56,13.59,8.26,2.3342
2025,3,28,7.11,9.02,5.15,3.9626
2025,3,29,8.16,11.87,4.3,1.9061
2025,3,30,9.88,12.67,6.79,4.7594
2025,3,31,10.51,13.83,8.14,3.6276
2025,4,1,9.01,11.37,6.89,4.7582
2025,4,2,8.99,11.16,6.54,5.4074
2025,4,3,9.43,11.86,6.64,5.0246
2025,4,4,9.94,11.82,8.35,2.4547
2025,4,5,8.68,10.75,6.87,5.6645
2025,4,6,8.66,11.85,5.82,5.8145
2025,4,7,9.56,13.39,6.75,5.6573
2025,4,8,9.58,13.73,6.65,5.3863
2025,4,9,9.21,12.91,5.71,5.723
2025,4,10,11.0,15.47,6.91,5.8046
2025,4,11,12.15,16.18,8.79,5.8243
2025,4,12,9.65,12.31,6.37,3.1111
2025,4,13,7.89,10.02,5.88,4.4414
2025,4,14,8.89,11.35,7.05,4.3742
2025,4,15,7.72,9.97,5.59,4.3603
2025,4,16,5.87,6.91,4.61,2.1007
2025,4,17,7.62,11.3,3.21,4.9709
2025,4,18,8.74,9.6,7.27,1.1491
2025,4,19,9.62,10.61,8.81,1.2528
2025,4,20,9.93,12.24,8.4,2.3402
2025,4,21,9.72,12.3,7.33,4.6582
2025,4,22,9.53,12.14,6.19,3.0418
2025,4,23,10.33,12.24,8.87,3.4435
2025,4,24,10.97,13.57,8.55,4.121
2025,4,25,10.56,11.64,9.44,2.3957
2025,4,26,11.7,14.89,8.96,5.5862
2025,4,27,12.42,15.16,10.08,3.4013
2025,4,28,12.17,14.81,9.78,4.5492
2025,4,29,12.77,16.71,8.73,5.8646
2025,4,30,14.02,18.34,9.95,6.3043
2025,5,1,12.84,16.31,9.79,4.2125
2025,5,2,11.17,13.7,8.77,6.097
2025,5,3,10.41,13.56,7.41,6.2076
2025,5,4,9.03,11.31,6.39,5.5046
2025,5,5,8.79,11.24,5.9,6.605
2025,5,6,10.35,13.82,6.07,6.8395
2025,5,7,11.66,15.1,8.87,6.2513
2025,5,8,10.44,12.75,7.64,6.3293
2025,5,9,11.35,14.93,7.59,6.9758
2025,5,10,12.23,16.0,7.64,6.793
2025,5,11,13.17,16.59,9.51,5.827
2025,5,12,13.44,16.12,11.18,4.164
2025,5,13,13.56,15.89,11.14,7.6805
2025,5,14,12.32,14.48,9.77,7.7647
2025,5,15,12.62,15.47,9.42,7.5547
2025,5,16,12.76,15.7,9.16,7.9603
2025,5,17,12.63,15.19,9.54,7.7186
2025,5,18,13.54,15.5,10.39,7.9222
2025,5,19,11.66,12.84,10.02,6.6122
2025,5,20,12.67,15.6,9.02,5.3688
2025,5,21,14.01,18.39,9.77,7.8041
2025,5,22,12.44,15.56,9.15,7.5401
2025,5,23,13.22,15.46,9.02,3.5724
2025,5,24,15.26,17.6,13.31,2.4086
2025,5,25,12.04,14.17,9.53,6.5112
2025,5,26,11.92,14.23,9.3,3.1282
2025,5,27,11.59,13.59,10.21,3.4807
2025,5,28,13.36,16.07,10.54,5.3818
2025,5,29,16.0,19.07,12.65,3.2767
2025,5,30,15.58,18.23,13.47,6.0084
2025,5,31,14.47,16.82,10.73,5.0926
2025,6,1,12.68,15.67,9.67,5.8543
2025,6,2,12.26,15.87,8.28,5.4785
2025,6,3,12.09,14.79,8.7,5.9335
2025,6,4,11.66,14.88,8.33,5.6054
2025,6,5,12.32,14.99,10.04,4.6356
2025,6,6,11.57,14.74,8.4,5.0539
2025,6,7,11.01,13.38,8.37,4.8631
2025,6,8,11.58,15.27,7.09,2.8649
2025,6,9,12.67,15.33,9.17,2.1475
2025,6,10,14.07,17.38,10.99,5.8831
2025,6,11,14.85,18.1,11.61,5.377
2025,6,12,14.39,15.38,13.2,1.7146
2025,6,13,15.07,17.82,12.16,4.9243
2025,6,14,14.11,16.33,12.3,2.7869
2025,6,15,14.73,17.37,10.76,3.6689
2025,6,16,15.7,19.08,11.78,5.9316
2025,6,17,15.96,19.03,12.97,5.1101
2025,6,18,15.49,19.0,11.53,6.0691
2025,6,19,16.25,20.26,12.12,7.1045
2025,6,20,18.1,21.38,14.74,6.2664
2025,6,21,17.81,20.73,14.5,6.0197
2025,6,22,15.32,16.99,11.81,4.2977
2025,6,23,14.34,17.1,10.81,4.3867
2025,6,24,16.82,19.8,13.98,4.325
2025,6,25,15.94,18.55,12.24,3.5035
2025,6,26,15.05,17.06,13.85,5.1206
2025,6,27,17.66,21.39,13.76,2.7758
2025,6,28,17.48,19.85,13.53,3.2186
2025,6,29,16.95,21.44,11.93,5.0042
2025,6,30,17.5,20.47,13.76,3.6924
2025,7,1,14.04,16.45,11.53,4.4813
2025,7,2,14.31,16.91,11.45,6.6862
2025,7,3,14.41,17.44,10.05,5.2685
2025,7,4,15.39,17.59,12.8,2.4334
2025,7,5,16.83,19.37,14.53,4.7383
2025,7,6,14.99,17.47,12.4,4.2624
2025,7,7,14.59,18.39,11.31,7.3846
2025,7,8,16.0,19.92,11.05,4.7909
2025,7,9,17.28,21.54,13.33,5.7206
2025,7,10,17.44,21.47,13.26,7.2084
2025,7,11,18.79,23.19,13.78,8.0311
2025,7,12,19.51,22.79,16.09,8.0472
2025,7,13,18.37,21.1,15.68,7.0894
2025,7,14,16.2,17.63,13.83,5.3014
2025,7,15,15.77,18.3,13.23,5.0172
2025,7,16,15.46,18.59,11.55,5.1218
2025,7,17,17.23,21.07,13.92,3.2083
2025,7,18,16.87,19.66,13.57,4.2516
2025,7,19,16.32,18.56,14.85,3.9672
2025,7,20,16.42,18.41,14.88,3.6346
2025,7,21,16.27,17.79,14.76,2.1924
2025,7,22,15.76,17.53,13.72,3.4085
2025,7,23,15.9,18.64,13.16,3.1474
2025,7,24,16.17,19.61,13.12,4.2893
2025,7,25,17.15,20.44,13.45,4.2794
2025,7,26,16.13,18.74,13.52,4.4014
2025,7,27,15.74,18.58,12.56,3.4805
2025,7,28,16.4,19.24,12.92,4.8732
2025,7,29,17.66,20.39,15.32,5.1367
2025,7,30,17.43,21.18,13.66,3.4982
2025,7,31,16.75,19.39,13.72,4.8768
2025,8,1,15.01,17.76,12.04,4.1371
2025,8,2,16.12,19.18,12.79,4.0836
2025,8,3,17.32,19.08,15.35,4.8442
2025,8,4,16.4,18.55,12.63,6.0487
2025,8,5,14.54,17.29,11.76,5.1278
2025,8,6,14.99,17.99,11.11,3.6838
2025,8,7,16.12,18.81,12.69,4.4278
2025,8,8,15.55,18.93,12.0,4.5406
2025,8,9,15.54,18.84,12.09,5.6621
2025,8,10,15.59,19.79,9.99,3.3756
2025,8,11,17.66,20.3,15.12,4.0757
2025,8,12,17.31,20.25,14.59,6.029
2025,8,13,18.35,22.24,14.53,5.4888
2025,8,14,19.14,22.93,15.18,4.5631
2025,8,15,17.09,20.11,14.46,5.2661
2025,8,16,16.73,19.43,13.6,4.5271
2025,8,17,16.43,18.43,14.44,5.5493
2025,8,18,16.5,18.45,15.01,3.8698
2025,8,19,16.02,17.38,14.92,2.7758
2025,8,20,14.91,16.11,13.23,2.7283
2025,8,21,15.79,18.3,13.2,4.4578
2025,8,22,16.89,19.83,13.04,3.3334
2025,8,23,17.93,20.7,15.43,2.6479
2025,8,24,16.97,19.11,15.0,4.0596
2025,8,25,17.87,21.1,14.83,4.2334
2025,8,26,16.36,18.83,14.3,3.9283
2025,8,27,15.8,18.13,13.83,4.41
2025,8,28,14.57,16.38,13.22,2.2186
2025,8,29,15.26,18.26,12.93,3.6595
2025,8,30,15.0,19.82,12.46,2.1444
2025,8,31,15.0,17.55,12.65,3.6499
2025,9,1,14.88,17.49,12.48,3.1586
2025,9,2,14.33,17.21,11.0,3.5722
2025,9,3,14.49,17.17,11.68,2.9839
2025,9,4,13.67,16.68,10.54,3.8398
2025,9,5,14.23,16.74,11.43,2.9911
2025,9,6,16.11,17.54,14.06,2.1089
2025,9,7,16.07,17.64,12.34,2.6134
2025,9,8,13.47,16.51,10.26,3.9545
2025,9,9,14.74,16.84,12.76,2.6294
2025,9,10,14.74,17.72,11.56,2.641
2025,9,11,12.45,14.49,11.2,3.2177
2025,9,12,12.46,15.28,10.46,3.1855
2025,9,13,12.19,15.08,10.18,3.4205
2025,9,14,13.39,18.0,10.23,1.9094
2025,9,15,13.57,15.79,11.57,2.3885
2025,9,16,12.87,15.38,10.59,3.2522
2025,9,17,15.36,18.03,11.95,3.1162
2025,9,18,14.93,18.69,11.21,1.7431
2025,9,19,15.01,16.34,12.75,2.1374
2025,9,20,12.4,14.69,10.87,1.8413
2025,9,21,10.57,13.05,8.27,3.5657
2025,9,22,10.94,14.0,8.12,3.5129
2025,9,23,12.01,14.65,10.25,3.6881
2025,9,24,12.59,15.78,10.06,2.8231
2025,9,25,12.54,15.83,10.26,3.0257
2025,9,26,12.74,15.84,9.86,3.1889
2025,9,27,12.8,14.52,10.05,2.0374
2025,9,28,12.02,14.73,8.78,2.3746
2025,9,29,12.95,15.95,9.86,2.1701
2025,9,30,14.28,16.62,12.25,1.6346
2025,10,1,15.3,17.57,13.84,1.697
2025,10,2,14.59,15.44,13.29,1.0438
2025,10,3,13.42,18.06,11.15,0.8059
2025,10,4,11.12,13.62,9.21,2.3988
2025,10,5,11.95,14.35,9.54,1.9253
2025,10,6,13.41,16.35,11.42,2.0052
2025,10,7,13.02,15.7,9.29,1.5398
2025,10,8,11.28,14.22,8.25,1.8144
2025,10,9,12.57,15.36,10.47,1.5482
2025,10,10,10.6,11.8,9.74,1.2557
2025,10,11,10.22,11.99,8.61,1.5972
2025,10,12,10.91,13.5,8.56,1.1594
2025,10,13,11.73,14.47,9.85,0.9936
2025,10,14,12.18,13.6,11.27,1.1419
2025,10,15,11.15,12.59,10.1,0.9031
2025,10,16,11.28,13.1,10.17,0.9878
2025,10,17,12.01,14.33,10.35,1.5504
2025,10,18,13.31,14.48,12.69,0.7625
2025,10,19,13.72,15.73,11.65,1.2907
2025,10,20,12.26,14.14,10.58,1.5938
2025,10,21,11.62,13.95,9.71,1.5031
2025,10,22,9.99,12.61,8.06,1.6402
2025,10,23,8.4,9.76,6.97,1.7647
2025,10,24,9.32,11.03,6.97,1.5787
2025,10,25,8.53,10.59,6.87,1.6781
2025,10,26,8.96,11.9,6.0,0.8669
2025,10,27,10.56,12.14,8.62,0.9312
2025,10,28,10.55,12.94,9.19,1.355
2025,10,29,8.63,11.23,7.04,1.6385
2025,10,30,10.38,13.81,6.59,0.5393
2025,10,31,12.17,13.52,11.05,1.3106
2025,11,1,9.61,10.96,8.47,1.7611
2025,11,2,8.95,11.82,6.25,1.6978
2025,11,3,13.71,14.83,12.38,0.7378
2025,11,4,13.39,14.52,12.26,0.8383
2025,11,5,13.63,15.14,12.35,0.5268
2025,11,6,13.29,15.16,11.46,1.1969
2025,11,7,12.32,13.56,11.31,0.7147
2025,11,8,10.62,12.8,8.73,1.1126
2025,11,9,11.95,13.14,10.26,1.5026
2025,11,10,9.52,10.65,8.47,1.3378
2025,11,11,12.11,14.1,9.3,0.4157
2025,11,12,10.38,11.31,9.38,0.6055
2025,11,13,11.12,13.36,10.18,0.8866
2025,11,14,9.48,11.65,7.77,0.4721
2025,11,15,10.09,11.29,7.98,0.5614
2025,11,16,8.82,10.43,6.57,0.8652
2025,11,17,6.04,8.02,4.23,1.2077
2025,11,18,6.32,8.49,4.37,0.9749
2025,11,19,3.94,5.19,2.99,1.2242
2025,11,20,3.77,5.56,2.84,1.2696
2025,11,21,4.55,7.59,2.21,0.7241
2025,11,22,7.27,8.86,5.66,0.8275
2025,11,23,7.47,9.98,6.6,1.1232
2025,11,24,7.63,9.59,5.37,1.0128
2025,11,25,5.51,7.18,4.42,1.1575
2025,11,26,9.53,12.04,5.1,0.271
2025,11,27,11.44,13.36,8.64,0.6014
2025,11,28,7.77,8.7,5.92,0.9986
2025,11,29,5.62,6.78,4.12,0.6814
2025,11,30,5.89,10.3,3.88,0.5705
2025,12,1,8.7,10.6,6.48,0.3962
2025,12,2,6.71,8.51,6.03,1.0246
2025,12,3,7.19,8.73,5.93,0.7589
2025,12,4,5.86,7.74,5.09,0.9343
2025,12,5,8.16,10.79,5.7,0.1039
2025,12,6,9.31,10.42,7.61,0.3401
2025,12,7,9.37,10.99,7.53,0.222
2025,12,8,9.97,11.25,8.63,0.8074
2025,12,9,11.59,13.89,8.91,0.3948
2025,12,10,9.01,9.89,8.38,0.5892
2025,12,11,9.71,11.38,6.0,0.2611
2025,12,12,6.53,8.85,4.81,0.8688
2025,12,13,8.34,10.67,5.69,0.3065
2025,12,14,11.37,12.05,10.42,0.2844
2025,12,15,7.4,9.37,6.1,0.6139
2025,12,16,5.71,7.19,3.84,0.9096
2025,12,17,9.37,11.52,7.17,0.2614
2025,12,18,7.89,9.92,5.21,0.2376
2025,12,19,7.48,8.32,6.79,0.7452
2025,12,20,8.57,9.8,7.44,0.4356
2025,12,21,8.35,9.28,6.84,0.6257
2025,12,22,9.4,10.66,8.24,0.2918
2025,12,23,8.65,9.37,7.75,0.3038
2025,12,24,6.44,7.64,4.74,0.743
2025,12,25,5.33,6.86,4.1,0.6509
2025,12,26,5.62,7.14,4.81,0.5525
2025,12,27,6.27,7.34,5.23,0.8196
2025,12,28,6.62,7.46,5.8,0.2227
2025,12,29,6.04,7.0,5.56,0.2167
2025,12,30,5.78,7.36,3.98,0.5719
2025,12,31,2.8,4.49,1.29,0.5038
